Item Code,Item Name,Raw Barcode,Clean Barcode,Changed
3636,اساور استيل شانل,363636,363636,0
6666,اساور استيل ماركة مع الخاتم,666666,666666,0
2525,اساور زركون مع الخاتم ملون,252525,252525,0
6363,اساور زركون طوابق,636363,636363,0
8.2352,اساور زركون بناتي,8.23528.2352,8235282352,1
5561,اساور كرستال مع الخاتم,55615561,55615561,0
113135,اطواق فيونكه 3 حبه كرت 8 شكل,6220221131350,6220221131350,0
113317,اطواق راقي 9 موديل 6/9,6972202211284,6972202211284,0
113341,اطواق صوف 2 حبه كرت 6 شكل,6983521875422,6983521875422,0
113342,اطواق قماش 3 حبه كرت 8 موديل,6980056655680,6980056655680,0
113345,اطواق لولو 2 حبه كرت 7 موديل,6913711133452,6913711133452,0
113390,اطواق شتوي عدد 4 شكل 3,6920240928015,6920240928015,0
6972202211,اطواق راقي 8 اشكال 2,697220221128,697220221128,0
00020,00020,8904047600020,8904047600020,0
003-4560,003-4560,6288002810733,6288002810733,0
003-4561,003-4561,6288002810740,6288002810740,0
003-4562,003-4562,6288002810757,6288002810757,0
003-4563,003-4563,6288002810764,6288002810764,0
003-4564,003-4564,6288002810771,6288002810771,0
003-4565,003-4565,6288002811457,6288002811457,0
003-4566,003-4566,6288002811471,6288002811471,0
003-4568,003-4568,6288002811488,6288002811488,0
003-4570,003-4570,6288002811440,6288002811440,0
01111,حزامات عريض,50001111,50001111,0
01111,حزامات جنيهات صغير,50002331,50002331,0
01149,01149,4000196901149,4000196901149,0
01163,01163,4000196901163,4000196901163,0
01187,01187,4000196901187,4000196901187,0
01289,01289,5017007601289,5017007601289,0
0285425,0285425,3014260285425,3014260285425,0
0351,0351,010181040351,010181040351,0
04736,04736,077043104736,077043104736,0
060524,060524,6926770577150,6926770577150,0
064-7,064-7,6971606200641,6971606200641,0
06661,اساور رجالي جلد,2580607306661,2580607306661,0
06732,سريوم اكليل الجبل,854102006732,854102006732,0
08663,08663,6912347908663,6912347908663,0
09276,09276,6923656109276,6923656109276,0
10004,10004,540010004,540010004,0
10110,10110,110110110,110110110,0
10111,10111,110110111,110110111,0
10112,10112,110110112,110110112,0
10113,10113,110110113,110110113,0
10114,10114,110110114,110110114,0
10115,10115,110110115,110110115,0
10116,10116,110110116,110110116,0
10117,10117,110110117,110110117,0
10118,10118,110110118,110110118,0
10119,10119,110110119,110110119,0
10122,10122,110110122,110110122,0
10133,10133,6920257910133,6920257910133,0
1014,1014,3846441975494,3846441975494,0
1014,1014,6971606210145,6971606210145,0
1016A,1016A,2282471632685,2282471632685,0
1017,1017,5572616423399,5572616423399,0
1017A,1017A,6971606210176,6971606210176,0
1018,1018,18260513,18260513,0
10183,10183,3944841810183,3944841810183,0
10188,10188,6920257910188,6920257910188,0
10323,اساور كف,7998194610323,7998194610323,0
1036,شفرات حواجب فلمنجو,4902470171036,4902470171036,0
10379,10379,6947247910379,6947247910379,0
10430,10430,6920257910430,6920257910430,0
10447,10447,6920257910447,6920257910447,0
10485,10485,6920257910485,6920257910485,0
10539,10539,6920257910539,6920257910539,0
105392,105392,8998866105392,8998866105392,0
10540,10540,5395173310540,5395173310540,0
10584,10584,6920257910584,6920257910584,0
10591,10591,6920257910591,6920257910591,0
10607,10607,6920257910607,6920257910607,0
10683,10683,6920257910683,6920257910683,0
10922,10922,6979077910922,6979077910922,0
10966,10966,6920257910966,6920257910966,0
109800,109800,6958376109800,6958376109800,0
11013,11013,11011013,11011013,0
11024,11024,6920257911024,6920257911024,0
11031,11031,6920257911031,6920257911031,0
11083,11083,3337872411083,3337872411083,0
1110,1110,10011101110,10011101110,0
11111,11111,4000111111,4000111111,0
1111111111,محمد,1111111111111111111111,1111111111111111111111,0
113360,ربطة جبين عريض 10 موديل 9/3/7,6985765322168,6985765322168,0
113371,طقم كلبس مع ربطه 10 موديل 2/3,6920251133712,6920251133712,0
113388,طوق بندانه 11 موديل 5/8,6985632932148,6985632932148,0
113391,ربطة شتوي 2 حبة كرت عدد 4 اشكال 1/3,6923654822139,6923654822139,0
1161,باكت مزيل مناكير,6946051201161,6946051201161,0
11672,11672,6942257011672,6942257011672,0
1187,حامورة سحري,6972196671187,6972196671187,0
1193,هامات رأس بناتي,61193,61193,0
1198,1198,6971606511983,6971606511983,0
1198A,1198A,6971606210169,6971606210169,0
11991,11991,3337872411991,3337872411991,0
1200B,1200B,6971606512003,6971606512003,0
12121,12121,4000212121,4000212121,0
12121,12121,5000212121,5000212121,0
12130,12130,12130130,12130130,0
12456987541180,ستن ليكر موديل,3944985096139,3944985096139,0
125486255552,125486255552,12548625555211,12548625555211,0
12861,12861,9248915212861,9248915212861,0
13131,13131,4000313131,4000313131,0
13316,13316,6905624813316,6905624813316,0
13352,13352,6973390713352,6973390713352,0
138459,تيجان,1344907138459,1344907138459,0
138667,مطاط برميل جامبو 5 شكل شد 10د 1/4,6935356575015,6935356575015,0
138796,مطاط 12 كرت كيس 10 اشكال 7/6/8,6912345138796,6912345138796,0
140140,140140,140140140,140140140,0
14141,14141,4000414141,4000414141,0
1415,1415,4000196901415,4000196901415,0
14958,14958,6912191214958,6912191214958,0
1498,9200396114638,9200396114638,9200396114638,0
15086,15086,9242092015086,9242092015086,0
15151,15151,4000515151,4000515151,0
154237,مساك فراشة حبه كبير 6 حبة صغير كرت 8 شكل,8652369924101,8652369924101,0
154392,154392,6930381543923,6930381543923,0
154395,154395,6930381543954,6930381543954,0
15496,15496,6974482515496,6974482515496,0
1585,8652369925085,8652369925085,8652369925085,0
1594,6920251542682,6920251542682,6920251542682,0
161770,طقم طوق مع كلبس فيونكه 11 موديل 3,6920255311819,6920255311819,0
161792,طقم نظارة مع كلبس عدد 8 اشكال 6/1,6935929871018,6935929871018,0
161793,طقم نظارة مع سلس عدد 8 اشكال 1,6937501072004,6937501072004,0
161841,161841,6902025121231,6902025121231,0
161847,161847,6950151618477,6950151618477,0
165A,165A,2097281338975,2097281338975,0
16809,16809,3337875816809,3337875816809,0
16847,16847,3337875816847,3337875816847,0
1701,8851932469104,8851932469104,8851932469104,0
17026,17026,6920251117026,6920251117026,0
1703,5912676276076,5912676276076,5912676276076,0
1733,4116621761216,4116621761216,4116621761216,0
1735,6977925340419,6977925340419,6977925340419,0
1757,1196148130316,1196148130316,1196148130316,0
17948,17948,3066109417948,3066109417948,0
17994,17994,2025001617994,2025001617994,0
18223,18223,6912341618223,6912341618223,0
18380,18380,2025001618380,2025001618380,0
1872,1872,4800888221872,4800888221872,0
191004,191004,769915191004,769915191004,0
201842,201842,3152200201842,3152200201842,0
2020,2020,4000202020,4000202020,0
202020,202020,5000202020,5000202020,0
202209,اقلام روج ميس ديم 2309,6913134202209,6913134202209,0
20243,باكت رموش طبيعي,6978941520243,6978941520243,0
20812,20812,8809700320812,8809700320812,0
20841,20841,6907240320841,6907240320841,0
20956,20956,6973911220956,6973911220956,0
2121,خواتم مع المحبس رزكون,212121,212121,0
21212,21212,4000121212,4000121212,0
21590,21590,721590,721590,0
221B,221B,6971606202218,6971606202218,0
22338,22338,3353728522338,3353728522338,0
2244,2244,9005800352244,9005800352244,0
22878,اساور رجالي نسائي,8991283322878,8991283322878,0
23019,23019,6920138823019,6920138823019,0
23026,23026,6920138823026,6920138823026,0
233233,233233,111233233,111233233,0
23454,23454,6932025123454,6932025123454,0
24025,24025,6937803924025,6937803924025,0
244244,244244,111244244,111244244,0
24513,24513,3600531324513,3600531324513,0
24611,24611,072140024611,072140024611,0
25092,25092,8652369925092,8652369925092,0
25146,25146,8652369925146,8652369925146,0
2520,2520,6882169872520,6882169872520,0
25351,25351,5632467125351,5632467125351,0
25560,علب سحاب مربع وسط,150055625560,150055625560,0
25561,علب سحاب مربع كبير,150055625561,150055625561,0
25562,علب سحاب اساور طويل,150055625562,150055625562,0
25563,علب اساور طويل,150055625563,150055625563,0
25564,علب خواتم مربع,150055625564,150055625564,0
25565,علب خواتم قطيفة,150055625565,150055625565,0
25566,علب طقوم وسط,150055625566,150055625566,0
26-2862,26-2862,28622862,28622862,0
26-5569,26-5569,55695569,55695569,0
26-AF8808,26-AF8808,88088808,88088808,0
26-SDR-211,26-SDR-211,SDR211211,SDR211211,0
263,263,6933885500263,6933885500263,0
26411,26411,6287015126411,6287015126411,0
26677,كريم ستافيل,072140026677,072140026677,0
2676,2676,011111022676,011111022676,0
27066,27066,303160227066,303160227066,0
272B,272B,1801025620025,1801025620025,0
28568,28568,6925832828568,6925832828568,0
28860,28860,6291108528860,6291108528860,0
3,cheese burger,735745699119,735745699119,0
3007546,3007546,8904023007546,8904023007546,0
30148,30148,8901248230148,8901248230148,0
3045,3045,6940791023045,6940791023045,0
30706,30706,725272730706,725272730706,0
30782,بوش مجموعة,6939374130782,6939374130782,0
309808,309808,7295322309808,7295322309808,0
309934,309934,6972907309934,6972907309934,0
3113,3113,100113113,100113113,0
31313,31313,4000131313,4000131313,0
31545,سلوس بناتي دمعة,5456531545,5456531545,0
31569,تيجان بناتي,6905001131569,6905001131569,0
31890,31890,6977892731890,6977892731890,0
33550,33550,8809640733550,8809640733550,0
34020,34020,6957601134020,6957601134020,0
34060,34060,769915234060,769915234060,0
34218,34218,6932021134218,6932021134218,0
3434,سلوس فايتي كليف,343434,343434,0
34919,34919,7702018334919,7702018334919,0
350590,روج  سائل 330411,6977270350590,6977270350590,0
35306,35306,6281056335306,6281056335306,0
3709,3709,3401578653709,3401578653709,0
37101,37101,6291108737101,6291108737101,0
37190,37190,8809640737190,8809640737190,0
3737,اساور مسمار,373737,373737,0
37897,37897,6291108737897,6291108737897,0
3817,3817,PB2501010203817,PB2501010203817,0
38405,38405,6291108738405,6291108738405,0
38436,38436,6291108738436,6291108738436,0
38573,38573,6291108738573,6291108738573,0
38597,38597,6291108738597,6291108738597,0
38610,38610,6291108738610,6291108738610,0
38849,38849,6291108738849,6291108738849,0
38877,38877,138877,138877,0
39068,39068,6291108739068,6291108739068,0
39523,39523,6922211339523,6922211339523,0
39570,39570,8809596939570,8809596939570,0
39615,39615,6922211339615,6922211339615,0
400101,قطب كرت نيو مارك,6906036400101,6906036400101,0
40061,40061,9551001840061,9551001840061,0
401184,401184,8310039401184,8310039401184,0
40313,40313,010181040313,010181040313,0
40358,اقلام ديموند 9244,6977925340358,6977925340358,0
40390,40390,8901248240390,8901248240390,0
40400,40400,6971335440400,6971335440400,0
40421,40421,3401348840421,3401348840421,0
40831,40831,6974479440831,6974479440831,0
4091,4091,40914091,40914091,0
4114,4114,100114114,100114114,0
4119,اسفنج مائي,4820230804119,4820230804119,0
41278,41278,3600530941278,3600530941278,0
41414,41414,4000141414,4000141414,0
41414,قطب كرز,5000141414,5000141414,0
41451,41451,6920511341451,6920511341451,0
41456,41456,052336341456,052336341456,0
43213,43213,743213,743213,0
43558,لمعه جسم فازلين,305210043558,305210043558,0
43788,43788,6920251543788,6920251543788,0
43825,43825,6920251543825,6920251543825,0
43863,43863,6920251543863,6920251543863,0
43930,43930,6930381543930,6930381543930,0
44277,44277,0376662844277,0376662844277,0
447447,كلبس كرز,447447447,447447447,0
45617,45617,7509552845617,7509552845617,0
46122,46122,6974772946122,6974772946122,0
46134,اقلام كحل عريض ابيض+ازرق,6920982846134,6920982846134,0
4646,4646,464646,464646,0
4653,4653,011111054653,011111054653,0
4705,4705,033200194705,033200194705,0
4747,4747,474747,474747,0
47535,47535,6977740247535,6977740247535,0
478021,478021,8901248478021,8901248478021,0
4848,4848,484848,484848,0
48538,48538,6903645548538,6903645548538,0
49280,49280,4928049280,4928049280,0
4949,4949,494949,494949,0
500081,500081,6294007500081,6294007500081,0
500142,500142,6294007500142,6294007500142,0
5009695,5009695,9853415009695,9853415009695,0
501316,501316,6294007501316,6294007501316,0
501323,501323,6294007501323,6294007501323,0
501330,501330,6294007501330,6294007501330,0
501446,501446,6294007501446,6294007501446,0
501989,501989,6294007501989,6294007501989,0
502689,502689,6294007502689,6294007502689,0
503211,503211,6294007503211,6294007503211,0
504218,504218,6294007504218,6294007504218,0
5044,5044,50445044,50445044,0
5050,5050,505050,505050,0
505215,505215,6294007505215,6294007505215,0
505413,505413,6294007505413,6294007505413,0
505512,505512,6294007505512,6294007505512,0
505710,505710,6294007505710,6294007505710,0
5058,5058,50585058,50585058,0
51062,51062,000006251062,000006251062,0
51147,51147,8901248451147,8901248451147,0
5115,5115,100115115,100115115,0
51222,51222,8901248451222,8901248451222,0
51260,51260,8901248451260,8901248451260,0
51392,51392,6946038651392,6946038651392,0
51415,51415,6946038651415,6946038651415,0
5151,5151,515151,515151,0
51515,51515,4000151515,4000151515,0
51515,51515,5000151515,5000151515,0
51574,51574,8901248451574,8901248451574,0
51611,51611,8901248451611,8901248451611,0
51712,51712,1929650451712,1929650451712,0
5252,5252,525252,525252,0
52664,اساور فرفشة,5252664,5252664,0
52665,اساور فرفشة منوعين,5252665,5252665,0
53191,قطب طقم حلق مدور ملون,5319153191,5319153191,0
5353,5353,535353,535353,0
54094,54094,3760237854094,3760237854094,0
54168,مصحح حواجب نوت+ برافو ليدي,6994626854168,6994626854168,0
5454,5454,545454,545454,0
55045,55045,50455045,50455045,0
552869,552869,5528699123923,5528699123923,0
55421,55421,5000655421,5000655421,0
5555,5555,555555,555555,0
5568,5568,55685568,55685568,0
55794,طقم سلوس فراشة,5579455794,5579455794,0
5581,طقم بناتي قلب,55815581,55815581,0
56109,56109,0506699456109,0506699456109,0
56210,56210,1617951256210,1617951256210,0
56213,56213,1617941256213,1617941256213,0
5656,5656,565656,565656,0
56649,56649,6985948556649,6985948556649,0
56787,56787,897865456456787,897865456456787,0
57370,57370,4342939057370,4342939057370,0
57374,57374,8901248257374,8901248257374,0
5757,5757,575757,575757,0
5762,اساور فان كليف,57625762,57625762,0
5786,5786,57865786,57865786,0
5801,5801,58015801,58015801,0
58174,58174,9112912458174,9112912458174,0
58439,58439,8992803658439,8992803658439,0
5858,5858,585858,585858,0
5897,5897,8888086785897,8888086785897,0
5959,5959,595959,595959,0
59684,59684,6291107459684,6291107459684,0
603132,603132,6926633603132,6926633603132,0
6060,6060,606060,606060,0
6116,6116,100116116,100116116,0
61172,61172,8809576261172,8809576261172,0
6145,سلوس بناتي كرزه,45248796145,45248796145,0
6151,6151,3499775636151,3499775636151,0
61616,61616,4000161616,4000161616,0
61616,61616,5000161616,5000161616,0
61839,61839,6920250161839,6920250161839,0
6265,6265,243A16265,243A16265,0
62662,ابيام فيونكة مع المراطق,662662662,662662662,0
62898,62898,156486456162898,156486456162898,0
63122,فرشم مكياج بيوتي,6952474163122,6952474163122,0
63531,كلبس كرز  2,000000063531,000000063531,0
6377,6377,100106377,100106377,0
6386,6386,100106386,100106386,0
6400,6400,100106400,100106400,0
6432,6432,100106432,100106432,0
6437,6437,100106437,100106437,0
6477,6477,8809875456477,8809875456477,0
67,سلس,2225638789310,2225638789310,0
67122,67122,6281006567122,6281006567122,0
67217,67217,6291106067217,6291106067217,0
67224,67224,6291106067224,6291106067224,0
6767,باكت مسكرة رومنتك جديد,6971204786110,6971204786110,0
68160,68160,6972943768160,6972943768160,0
6831,مورد يارا,6957834806831,6957834806831,0
6868,باكت مسكرة سفن دي الأصلي,6971204785984,6971204785984,0
690442578301,690442578301,6904425783019,6904425783019,0
694605123971,694605123971,6946051239713,6946051239713,0
70009,70009,8809416470009,8809416470009,0
70016,70016,8809416470016,8809416470016,0
7079,7079,9944185070797,9944185070797,0
708,سلوس 1,8459425957314,8459425957314,0
7117,7117,100117117,100117117,0
71425,71425,6912316171425,6912316171425,0
71717,71717,4000171717,4000171717,0
71717,71717,5000171717,5000171717,0
72,وهمي,1705217677777,1705217677777,0
7210,7210,3337875597210,3337875597210,0
721496,721496,8410664651975,8410664651975,0
721497,721497,1277080562172,1277080562172,0
721501,721501,3970357621500,3970357621500,0
721502,721502,5256367739854,5256367739854,0
721587,721587,721587-3,721587,1
721588,721588,721588-2,721588,1
721589,721589,721589-2,721589,1
721592,721592,3783284477894,3783284477894,0
740404,740404,0863765019720,0863765019720,0
741442,741442,9808036205380,9808036205380,0
741489,741489,9975507493062,9975507493062,0
741501,741501,7529067516208,7529067516208,0
741975,741975,5726738519106,5726738519106,0
741983,741983,7560980367263,7560980367263,0
742024,742024,4795293571059,4795293571059,0
742028,742028,1265128591369,1265128591369,0
742226,742226,9055740299062,9055740299062,0
742579,742579,7923884103502,7923884103502,0
742786,742786,3035411949676,3035411949676,0
742851,742851,3497910689208,3497910689208,0
742896,742896,6072988649711,6072988649711,0
742904,742904,7997910438715,7997910438715,0
742954,742954,6497698312876,6497698312876,0
743066,743066,3591919882360,3591919882360,0
743070,743070,4853792486035,4853792486035,0
743489,743489,6725487120396,6725487120396,0
743565,743565,743565-2,743565,1
743600,743600,743600-2,743600,1
743606,743606,7176209262822,7176209262822,0
743622,743622,9160060587857,9160060587857,0
744107,744107,7279031986079,7279031986079,0
750710,750710,3149990212653,3149990212653,0
750711,750711,8374528204878,8374528204878,0
750712,750712,1157508895719,1157508895719,0
750713,750713,9934886693616,9934886693616,0
750714,750714,7543289076746,7543289076746,0
77092,77092,3401399277092,3401399277092,0
77454,اقلام كحل اسود طلعة,8948490577454,8948490577454,0
78236,78236,8901248478236,8901248478236,0
78252,78252,6935356578252,6935356578252,0
78813,78813,6912316178813,6912316178813,0
790778,790778,6901790778022,6901790778022,0
790794,790794,5671382752044,5671382752044,0
790800,790800,9371005778074,9371005778074,0
791052,791052,6920257910522,6920257910522,0
791067,791067,6920257910676,6920257910676,0
791097,791097,6920257910973,6920257910973,0
80088,80088,7160934480088,7160934480088,0
809129,809129,6930274809129,6930274809129,0
8118,8118,100118118,100118118,0
81818,81818,4000181818,4000181818,0
81818,81818,5000181818,5000181818,0
81947,81947,8999999581947,8999999581947,0
82518,82518,6935356582518,6935356582518,0
83232,83232,6971204783232,6971204783232,0
83919,83919,6925213883919,6925213883919,0
8407,8407,8809426813865,8809426813865,0
84072,84072,6041216184072,6041216184072,0
84128,مصحح حواجب أبو جهة,6933495884128,6933495884128,0
84535,84535,772618084535,772618084535,0
84810,84810,6970873984810,6970873984810,0
850038,850038,6972497850038,6972497850038,0
85476,85476,6922965185476,6922965185476,0
8555,8555,5558888555,5558888555,0
86886,سلوس بناتي,886886886,886886886,0
87230,87230,7702018587230,7702018587230,0
87307,87307,5060518887307,5060518887307,0
87621,87621,6912191387621,6912191387621,0
88015,88015,6925261388015,6925261388015,0
88128,88128,6900001388128,6900001388128,0
88289,88289,6900001388289,6900001388289,0
88422,88422,6912311388422,6912311388422,0
90311,90311,769915190311,769915190311,0
90356,90356,6971260890356,6971260890356,0
90670,90670,769915190670,769915190670,0
90715,90715,6922965190715,6922965190715,0
90784,90784,6922965190784,6922965190784,0
91000,91000,6970975191000,6970975191000,0
9119,9119,100119119,100119119,0
91230,91230,033200191230,033200191230,0
91877,روج سائل 2113,3194500091877,3194500091877,0
91919,91919,4000191919,4000191919,0
9281,9281,8999777009281,8999777009281,0
93583,93583,4550516493583,4550516493583,0
93831,93831,8809305993831,8809305993831,0
94026,94026,3600523494026,3600523494026,0
94138,94138,9767013694138,9767013694138,0
950777999799,950777999799,9507779997992,9507779997992,0
95214,95214,040232095214,040232095214,0
95776,95776,3506822095776,3506822095776,0
96161,96161,6922446096161,6922446096161,0
96565,جلوس جف جيرل 2093,03097187,03097187,0
97180,97180,3337875597180,3337875597180,0
97388,كريم سرافي 454ملي,3337875597388,3337875597388,0
9801,9801,6920250649801,6920250649801,0
9997991,9997991,9507779997991,9507779997991,0
AS-3215,AS-3215,32153215,32153215,0
AS-4520-2,AS-4520-2,4520245202,4520245202,0
AS-4932,AS-4932,49324932,49324932,0
AS-5046,AS-5046,50465046,50465046,0
AS-513513,AS-513513,513513513,513513513,0
AS-5348,AS-5348,53485348,53485348,0
AS-5349,AS-5349,125125125,125125125,0
AS-552552,كواسر كبير,552552552,552552552,0
AS-554554,ابيام فراشات,554554554,554554554,0
AS-5654,AS-5654,56545654,56545654,0
B22939,B22939,B293998,B293998,0
B292217,B292217,B292217,B292217,0
B2935,B2935,B293561,B293561,0
B293583,B293583,B293583,B293583,0
B293602,B293602,B293602,B293602,0
B29364,B29364,B293641,B293641,0
B293653,B293653,B293653,B293653,0
B2937,B2937,B293719,B293719,0
B29371,B29371,B293717,B293717,0
B2939,B2939,B293996,B293996,0
B29390,B29390,B293907,B293907,0
B29398,B29398,B293985,B293985,0
BHS546,سلس مع الحلق,5934782049191,5934782049191,0
COMM,Communication,,,0
EXP_GEN,Expenses,,,0
FOOD,Meals,,,0
GIFT,Gifts,,,0
MIL,Mileage,,,0
PH-272,PH-272,6971606202720,6971606202720,0
S160005,S160005,ٍ160005,160005,1
S160008,S160008,ٍ160008,160008,1
S160016,S160016,ٍ160016,160016,1
S210301,اسبورات نسائيه م36-41 (شد 24),6900212103015,6900212103015,0
S210305,اسبورات نسائيه م36-41ش24,6900212103053,6900212103053,0
S210307,اسبوات نسائيه م36-41ش24,6900212103077,6900212103077,0
S210313,سبورات نسائيه م36-41ش24,6900212103138,6900212103138,0
S210315,اسبورات نسائي م 36-41ش24,6900212103152,6900212103152,0
SQ9235,ميداليات دبدوب,6688892350003,6688892350003,0
TIPS,Tips,,,0
TRANS & ACC,Travel & Accommodation,,,0
145145,قطب مطلي رملي,145145145,145145145,0
5286415,تيجان كرستال,52864154,52864154,0
5286416,تيجان كرستال عرائسي,52864164,52864164,0
6161,كفوف مطلي,616161,616161,0
6969,طقوم مطلي فرفشة,696969,696969,0
7070,كماشات كرستال,707070,707070,0
AS-221221,تيجان متحرك زركون,221221221,221221221,0
12288,اظافر كلاسك كلر 5637,8955155122881,8955155122881,0
24576,اظافر كلاسك كلر 576,8955155245764,8955155245764,0
250917,اظافر صناعي بيوتي 5717,6973926409179,6973926409179,0
41612,اظافر صناعي 5613,6907725041612,6907725041612,0
5640,اظافر صناعي علبة سداسي,56405640,56405640,0
6096,اظافر شجلام,6904587606096,6904587606096,0
75255,غراء اظافر,6997524675255,6997524675255,0
575742,امصار شعر,5757525,5757525,0
155155,حبال مائي,11155155,11155155,0
5245,حبال مائي الأصلي,2145215245,2145215245,0
2020,خواتم استيل فص ملون,202020,202020,0
10554,خواتم زركون اصلي2,110110445,110110445,0
1342,خواتم زركون اصلي1,1101110446,1101110446,0
1919,خواتم زركون منوع,191919,191919,0
2222,خواتم أبو فص زركون,222222,222222,0
255255,خواتم بناتي مطلي,255255255,255255255,0
28228,سلوس استيل كرت قصير,228228228,228228228,0
3131,سلوس استيل 2 خط,313131,313131,0
3232,سلوس استيل منوع,323232,323232,0
3333,سلوس استيل جنيهات,333333,333333,0
3535,سلوس استيل مربع + منوع,353535,353535,0
4141,سلوس استيل 3 خط,414141,414141,0
4242,سلوس استيل مع القطب شانل,424242,424242,0
130130,سلوس زركون ريديوم,130130130,130130130,0
B292976,شنط اطفال,B292976,B292976,0
B293012,شنط اطفال,B293012,B293012,0
B293018,شنط اطفال,B293018,B293018,0
B293028,شنط اطفال,B293028,B293028,0
B293084,شنط اطفال,B293084,B293084,0
B293098,شنط اطفال,B293098,B293098,0
B292960,شنط بناتي شد 60 حبة,B292960,B292960,0
B292962,شنط بناتي شد 60,B292962,B292962,0
B292968,شنط بناتي شد 60 حبه,B292968,B292968,0
B292970,شنط بناتي شد 60 حبة,B292970,B292970,0
B292971,شنط بناتي شد 60 حبه,B292971,B292971,0
B292981,شنط بناتي شد 60 حبة,B292981,B292981,0
B292986,شنط بناتي شد 60 حبة,B292986,B292986,0
B292991,شنط بناتي شد 60 حبة,B292991,B292991,0
B293001,شنط بناتي شد 60,B293001,B293001,0
B293016,شنط بناتي شد 60 حبة,B293016,B293016,0
B293017,شنط بناتي شد 60 حبه,B293017,B293017,0
B293020,شنط بناتي شد 60 حبة,B293020,B293020,0
B293025,شنط بناتي شد 60 حبة,B293025,B293025,0
B293035,شنط بناتي شد 60 حبة,B293035,B293035,0
B293038,شنط بناتي شد 60 حبة,B293038,B293038,0
B293040,شنط بناتي شد 60 حبه,B293040,B293040,0
B293044,شنط بناتي شد 60 حبه,B293044,B293044,0
B293048,شنط بناتي شد 60 حبة,B293048,B293048,0
B293054,شنط بناتي شد 60 حبة,B293054,B293054,0
B293058,شنط بناتي شد 60 حبة,B293058,B293058,0
B293061,شنط بناتي شد 60 حبة,B293061,B293061,0
B293063,شنط بناتي شد 60,B293063,B293063,0
B293064,شنط بناتي شد 60,B293064,B293064,0
B293074,شنط بناتي شد 60,B293074,B293074,0
B293101,شنط بناتي شد 60 حبه,B293101,B293101,0
12335,شنط طقم ادوات اظافر,5000112335,5000112335,0
B292667,شنطة نسائية شد 36,B292667,B292667,0
B292743,شنطة نسائية شد 24,B292743,B292743,0
B292928,شنط نسائي,B292928,B292928,0
B293397,شنط نسائي,B293397,B293397,0
B293499,شنط نسائي,B293499,B293499,0
B2935,شنطة نسائي,B293591,B293591,0
B293563,شنط نسائي,B293563,B293563,0
B293595,شنط نسائي,B293595,B293595,0
B2936,شنط نسائي,B293652,B293652,0
B293600,شنط نسائي,B293600,B293600,0
B293610,شنطة يد نسائي,B293610,B293610,0
B29362,شنط نسائي,B293621,B293621,0
B293621,شنط نسائي,1101201921565,1101201921565,0
B293640,شنط نسائي,B293640,B293640,0
B293658,شنطة يد نسائي,B293658,B293658,0
B293663,شنط نسائي,B293663,B293663,0
B29371790,شنطة  نسائي,6921530096278,6921530096278,0
B298080,شنطة نسائية,B298080,B298080,0
737,شنط يد نسائي,3867146993538,3867146993538,0
B293357,شنط يد نسائي,B293357,B293357,0
B293477,شنط يد نسائي,B293477,B293477,0
B2939,شنط يد نسائي,B293908,B293908,0
B2939,شنط يد نسائي,B293919,B293919,0
B2939,شنط يد نسائي,B293954,B293954,0
B2939,شنط يد نسائي,B293969,B293969,0
B2939,شنط يد نسائي,B293975,B293975,0
B2939,شنط يد نسائي,B293984,B293984,0
B293913,شنط يد نسائي,B293913,B293913,0
B293938,شنط يد نسائي,B293938,B293938,0
B29394,شنط يد نسائي,B293946,B293946,0
B293983,شنط يد نسائي,B293983,B293983,0
B29399,شنط يد نسائي,B293995,B293995,0
B293990,شنط يد نسائي,B293990,B293990,0
B298160,شنط يد نسائي,B298160,B298160,0
S110825,صندل نسائي مقاس 36-41 (شد 24),S110825,S110825,0
S110828,صندل نسائي مقاس 36-41 (شد 24),S110828,S110828,0
S160011,صندل نسائي م36-41 (شد 24),S160011,S160011,0
S160014,صندل نسائي م36-41ش24,ٍ160014,160014,1
S160018,صندل نسائي م36-41ش24,ٍ160018,160018,1
S160019,صندل نسائي م36-41 (شد 24),S160019,S160019,0
S210212,صندل نسائي مقاس 36-41 (شد 24),6900452102120,6900452102120,0
S210216,صندل نسائي مقاس 36-41 (شد 24),6900452102168,6900452102168,0
113370,طقم اطواق 10 موديل 5/8,6920251133705,6920251133705,0
161809,طقم اطواق مع الكلبس عدد الاشكال 10 4/5,6932164567867,6932164567867,0
121212,طقوم استيل مربع,5000121212,5000121212,0
31313,طقوم استيل خفيف منوع,5000131313,5000131313,0
4343,طقوم استيل فايتي كليف,434343,434343,0
4444,طقوم استيل مربع,444444,444444,0
4545,طقوم استيل شكل ورقة,454545,454545,0
AS-120120,طقوم استيل خناق,120120120,120120120,0
236514789632,طقوم زركون راقي,236514789632145,236514789632145,0
3939,طقوم زركون خناق,393939,393939,0
4040,طقوم زركون ملون,404040,404040,0
6262,طقوم زركون خناق طو,626262,626262,0
6464,طقوم زركون كرت اصفر,646464,646464,0
6565,طقوم زركون كرت ازرق,656565,656565,0
790998,طقم اكسسوار علب هدايا 7 موديل 2,6988757909989,6988757909989,0
133133,ابيام كلبس فيونكات 4435,111133133,111133133,0
18534,فيونكات بناتي,4978326018534,4978326018534,0
709,قباضات نسائي,9502481758872,9502481758872,0
718,قباضات نسائي,2043408271199,2043408271199,0
2323,قطب زركون فص ملون,232323,232323,0
2424,قطب زركون ملون صغير,242424,242424,0
2626,قطب زركون ملون,262626,262626,0
2727,قطب زركون ملون دائري,272727,272727,0
2828,قطب زركون فراشه,282828,282828,0
2929,قطب زركون منوع,292929,292929,0
3030,قطب زركون *3 دائري,303030,303030,0
3838,قطب زركون ثعبان,383838,383838,0
3998,قطب دمعة زركون,39983998,39983998,0
120121,نقش حناء صغير,12121121,12121121,0
12120,نقش حناء منوع,12120120,12120120,0
225228,اقماع حناء المليكة,228225228,228225228,0
144144,مبارد,11144144,11144144,0
695657000888,نقش تاتو,6956570008882,6956570008882,0
