Default Unit of Measure,Item Code,Item Group,Item Name,Maintain Stock,Opening Stock,Brand,Shelf Life In Days,End of Life,Has Expiry Date,Barcode (Barcodes),Re-order Qty (Reorder level based on Warehouse),UOM (UOMs),Default Price List (Item Defaults)
Nos,3636,اساور استيل,اساور استيل شانل,1,0,شانل,0,2099-12-31,0,363636,,Nos,
Nos,6666,اساور استيل,اساور استيل ماركة مع الخاتم,1,0,,0,2099-12-31,0,666666,,Nos,
Nos,2525,اساور زركون,اساور زركون مع الخاتم ملون,1,0,,0,2099-12-31,0,252525,,Nos,
Nos,6363,اساور زركون,اساور زركون طوابق,1,0,,0,2099-12-31,0,636363,,Nos,
Nos,8.2352,اساور زركون,اساور زركون بناتي,1,0,,0,2099-12-31,0,8235282352,,Nos,
Nos,5561,اساور كرستال,اساور كرستال مع الخاتم,1,0,,0,2099-12-31,0,55615561,,Nos,
Nos,113135,اطواق بالحبة,اطواق فيونكه 3 حبه كرت 8 شكل,1,0,,0,2099-12-31,0,6220221131350,,Nos,
Nos,113317,اطواق بالحبة,اطواق راقي 9 موديل 6/9,1,0,,0,2099-12-31,0,6972202211284,,Nos,
Nos,113341,اطواق بالحبة,اطواق صوف 2 حبه كرت 6 شكل,1,0,,0,2099-12-31,0,6983521875422,,Nos,
Nos,113342,اطواق بالحبة,اطواق قماش 3 حبه كرت 8 موديل,1,0,,0,2099-12-31,0,6980056655680,,Nos,
Nos,113345,اطواق بالحبة,اطواق لولو 2 حبه كرت 7 موديل,1,0,,0,2099-12-31,0,6913711133452,,Nos,
Nos,113390,اطواق بالحبة,اطواق شتوي عدد 4 شكل 3,1,0,,0,2099-12-31,0,6920240928015,,Nos,
Nos,6972202211,اطواق بالحبة,اطواق راقي 8 اشكال 2,1,0,,0,2099-12-31,0,697220221128,,Nos,
Nos,00020,اكسسوارات,00020,1,0,,0,2099-12-31,0,8904047600020,,Nos,
Nos,003-4560,اكسسوارات,003-4560,1,0,,0,2099-12-31,0,6288002810733,,Nos,
Nos,003-4561,اكسسوارات,003-4561,1,0,,0,2099-12-31,0,6288002810740,,Nos,
Nos,003-4562,اكسسوارات,003-4562,1,0,,0,2099-12-31,0,6288002810757,,Nos,
Nos,003-4563,اكسسوارات,003-4563,1,0,,0,2099-12-31,0,6288002810764,,Nos,
Nos,003-4564,اكسسوارات,003-4564,1,0,,0,2099-12-31,0,6288002810771,,Nos,
Nos,003-4565,اكسسوارات,003-4565,1,0,,0,2099-12-31,0,6288002811457,,Nos,
Nos,003-4566,اكسسوارات,003-4566,1,0,,0,2099-12-31,0,6288002811471,,Nos,
Nos,003-4568,اكسسوارات,003-4568,1,0,,0,2099-12-31,0,6288002811488,,Nos,
Nos,003-4570,اكسسوارات,003-4570,1,0,,0,2099-12-31,0,6288002811440,,Nos,
Nos,01111,اكسسوارات,حزامات عريض,1,0,,0,2099-12-31,0,50001111,,Nos,
Nos,01111,اكسسوارات,حزامات جنيهات صغير,1,0,,0,2099-12-31,0,50002331,,Nos,
Nos,01149,اكسسوارات,01149,1,0,,0,2099-12-31,0,4000196901149,,Nos,
Nos,01163,اكسسوارات,01163,1,0,,0,2099-12-31,0,4000196901163,,Nos,
Nos,01187,اكسسوارات,01187,1,0,,0,2099-12-31,0,4000196901187,,Nos,
Nos,01289,اكسسوارات,01289,1,0,,0,2099-12-31,0,5017007601289,,Nos,
Nos,0285425,اكسسوارات,0285425,1,0,,0,2099-12-31,0,3014260285425,,Nos,
Nos,0351,اكسسوارات,0351,1,0,,0,2099-12-31,0,010181040351,,Nos,
Nos,04736,اكسسوارات,04736,1,0,,0,2099-12-31,0,077043104736,,Nos,
Nos,060524,اكسسوارات,060524,1,0,,0,2099-12-31,0,6926770577150,,Nos,
Nos,064-7,اكسسوارات,064-7,1,0,,0,2099-12-31,0,6971606200641,,Nos,
Nos,06661,اكسسوارات,اساور رجالي جلد,1,0,,0,2099-12-31,0,2580607306661,,Nos,
Nos,06732,اكسسوارات,سريوم اكليل الجبل,1,0,,0,2099-12-31,0,854102006732,,Nos,
Nos,08663,اكسسوارات,08663,1,0,,0,2099-12-31,0,6912347908663,,Nos,
Nos,09276,اكسسوارات,09276,1,0,,0,2099-12-31,0,6923656109276,,Nos,
Nos,10004,اكسسوارات,10004,1,0,,0,2099-12-31,0,540010004,,Nos,
Nos,10110,اكسسوارات,10110,1,0,,0,2099-12-31,0,110110110,,Nos,
Nos,10111,اكسسوارات,10111,1,0,,0,2099-12-31,0,110110111,,Nos,
Nos,10112,اكسسوارات,10112,1,0,,0,2099-12-31,0,110110112,,Nos,
Nos,10113,اكسسوارات,10113,1,0,,0,2099-12-31,0,110110113,,Nos,
Nos,10114,اكسسوارات,10114,1,0,,0,2099-12-31,0,110110114,,Nos,
Nos,10115,اكسسوارات,10115,1,0,,0,2099-12-31,0,110110115,,Nos,
Nos,10116,اكسسوارات,10116,1,0,,0,2099-12-31,0,110110116,,Nos,
Nos,10117,اكسسوارات,10117,1,0,,0,2099-12-31,0,110110117,,Nos,
Nos,10118,اكسسوارات,10118,1,0,,0,2099-12-31,0,110110118,,Nos,
Nos,10119,اكسسوارات,10119,1,0,,0,2099-12-31,0,110110119,,Nos,
Nos,10122,اكسسوارات,10122,1,0,,0,2099-12-31,0,110110122,,Nos,
Nos,10133,اكسسوارات,10133,1,0,,0,2099-12-31,0,6920257910133,,Nos,
Nos,1014,اكسسوارات,1014,1,0,,0,2099-12-31,0,3846441975494,,Nos,
Nos,1014,اكسسوارات,1014,1,0,,0,2099-12-31,0,6971606210145,,Nos,
Nos,1016A,اكسسوارات,1016A,1,0,,0,2099-12-31,0,2282471632685,,Nos,
Nos,1017,اكسسوارات,1017,1,0,,0,2099-12-31,0,5572616423399,,Nos,
Nos,1017A,اكسسوارات,1017A,1,0,,0,2099-12-31,0,6971606210176,,Nos,
Nos,1018,اكسسوارات,1018,1,0,,0,2099-12-31,0,18260513,,Nos,
Nos,10183,اكسسوارات,10183,1,0,,0,2099-12-31,0,3944841810183,,Nos,
Nos,10188,اكسسوارات,10188,1,0,,0,2099-12-31,0,6920257910188,,Nos,
Nos,10323,اكسسوارات,اساور كف,1,0,,0,2099-12-31,0,7998194610323,,Nos,
Nos,1036,اكسسوارات,شفرات حواجب فلمنجو,1,0,فلمنجو,0,2099-12-31,0,4902470171036,,Nos,
Nos,10379,اكسسوارات,10379,1,0,,0,2099-12-31,0,6947247910379,,Nos,
Nos,10430,اكسسوارات,10430,1,0,,0,2099-12-31,0,6920257910430,,Nos,
Nos,10447,اكسسوارات,10447,1,0,,0,2099-12-31,0,6920257910447,,Nos,
Nos,10485,اكسسوارات,10485,1,0,,0,2099-12-31,0,6920257910485,,Nos,
Nos,10539,اكسسوارات,10539,1,0,,0,2099-12-31,0,6920257910539,,Nos,
Nos,105392,اكسسوارات,105392,1,0,,0,2099-12-31,0,8998866105392,,Nos,
Nos,10540,اكسسوارات,10540,1,0,,0,2099-12-31,0,5395173310540,,Nos,
Nos,10584,اكسسوارات,10584,1,0,,0,2099-12-31,0,6920257910584,,Nos,
Nos,10591,اكسسوارات,10591,1,0,,0,2099-12-31,0,6920257910591,,Nos,
Nos,10607,اكسسوارات,10607,1,0,,0,2099-12-31,0,6920257910607,,Nos,
Nos,10683,اكسسوارات,10683,1,0,,0,2099-12-31,0,6920257910683,,Nos,
Nos,10922,اكسسوارات,10922,1,0,,0,2099-12-31,0,6979077910922,,Nos,
Nos,10966,اكسسوارات,10966,1,0,,0,2099-12-31,0,6920257910966,,Nos,
Nos,109800,اكسسوارات,109800,1,0,,0,2099-12-31,0,6958376109800,,Nos,
Nos,11013,اكسسوارات,11013,1,0,,0,2099-12-31,0,11011013,,Nos,
Nos,11024,اكسسوارات,11024,1,0,,0,2099-12-31,0,6920257911024,,Nos,
Nos,11031,اكسسوارات,11031,1,0,,0,2099-12-31,0,6920257911031,,Nos,
Nos,11083,اكسسوارات,11083,1,0,,0,2099-12-31,0,3337872411083,,Nos,
Nos,1110,اكسسوارات,1110,1,0,,0,2099-12-31,0,10011101110,,Nos,
Nos,11111,اكسسوارات,11111,1,0,,0,2099-12-31,0,4000111111,,Nos,
Nos,1111111111,اكسسوارات,محمد,1,0,,0,2099-12-31,0,1111111111111111111111,,Nos,
Nos,113360,اكسسوارات,ربطة جبين عريض 10 موديل 9/3/7,1,0,,0,2099-12-31,0,6985765322168,,Nos,
Nos,113371,اكسسوارات,طقم كلبس مع ربطه 10 موديل 2/3,1,0,,0,2099-12-31,0,6920251133712,,Nos,
Nos,113388,اكسسوارات,طوق بندانه 11 موديل 5/8,1,0,,0,2099-12-31,0,6985632932148,,Nos,
Nos,113391,اكسسوارات,ربطة شتوي 2 حبة كرت عدد 4 اشكال 1/3,1,0,,0,2099-12-31,0,6923654822139,,Nos,
Nos,1161,اكسسوارات,باكت مزيل مناكير,1,0,,0,2099-12-31,0,6946051201161,,Nos,
Nos,11672,اكسسوارات,11672,1,0,,0,2099-12-31,0,6942257011672,,Nos,
Nos,1187,اكسسوارات,حامورة سحري,1,0,,0,2099-12-31,0,6972196671187,,Nos,
Nos,1193,اكسسوارات,هامات رأس بناتي,1,0,,0,2099-12-31,0,61193,,Nos,
Nos,1198,اكسسوارات,1198,1,0,,0,2099-12-31,0,6971606511983,,Nos,
Nos,1198A,اكسسوارات,1198A,1,0,,0,2099-12-31,0,6971606210169,,Nos,
Nos,11991,اكسسوارات,11991,1,0,,0,2099-12-31,0,3337872411991,,Nos,
Nos,1200B,اكسسوارات,1200B,1,0,,0,2099-12-31,0,6971606512003,,Nos,
Nos,12121,اكسسوارات,12121,1,0,,0,2099-12-31,0,4000212121,,Nos,
Nos,12121,اكسسوارات,12121,1,0,,0,2099-12-31,0,5000212121,,Nos,
Nos,12130,اكسسوارات,12130,1,0,,0,2099-12-31,0,12130130,,Nos,
Nos,12456987541180,اكسسوارات,ستن ليكر موديل,0,0,,0,2099-12-31,0,3944985096139,,Nos,
Nos,125486255552,اكسسوارات,125486255552,1,0,,0,2099-12-31,0,12548625555211,,Nos,
Nos,12861,اكسسوارات,12861,1,0,,0,2099-12-31,0,9248915212861,,Nos,
Nos,13131,اكسسوارات,13131,1,0,,0,2099-12-31,0,4000313131,,Nos,
Nos,13316,اكسسوارات,13316,1,0,,0,2099-12-31,0,6905624813316,,Nos,
Nos,13352,اكسسوارات,13352,1,0,,0,2099-12-31,0,6973390713352,,Nos,
Nos,138459,اكسسوارات,تيجان,1,0,,0,2099-12-31,0,1344907138459,,Nos,
Nos,138667,اكسسوارات,مطاط برميل جامبو 5 شكل شد 10د 1/4,1,0,,0,2099-12-31,0,6935356575015,,Nos,
Nos,138796,اكسسوارات,مطاط 12 كرت كيس 10 اشكال 7/6/8,1,0,,0,2099-12-31,0,6912345138796,,Nos,
Nos,140140,اكسسوارات,140140,1,0,,0,2099-12-31,0,140140140,,Nos,
Nos,14141,اكسسوارات,14141,1,0,,0,2099-12-31,0,4000414141,,Nos,
Nos,1415,اكسسوارات,1415,1,0,,0,2099-12-31,0,4000196901415,,Nos,
Nos,14958,اكسسوارات,14958,1,0,,0,2099-12-31,0,6912191214958,,Nos,
Nos,1498,اكسسوارات,9200396114638,1,0,,0,2099-12-31,0,9200396114638,,Nos,
Nos,15086,اكسسوارات,15086,1,0,,0,2099-12-31,0,9242092015086,,Nos,
Nos,15151,اكسسوارات,15151,1,0,,0,2099-12-31,0,4000515151,,Nos,
Nos,154237,اكسسوارات,مساك فراشة حبه كبير 6 حبة صغير كرت 8 شكل,1,0,,0,2099-12-31,0,8652369924101,,Nos,
Nos,154392,اكسسوارات,154392,1,0,,0,2099-12-31,0,6930381543923,,Nos,
Nos,154395,اكسسوارات,154395,1,0,,0,2099-12-31,0,6930381543954,,Nos,
Nos,15496,اكسسوارات,15496,1,0,,0,2099-12-31,0,6974482515496,,Nos,
Nos,1585,اكسسوارات,8652369925085,1,0,,0,2099-12-31,0,8652369925085,,Nos,
Nos,1594,اكسسوارات,6920251542682,1,0,,0,2099-12-31,0,6920251542682,,Nos,
Nos,161770,اكسسوارات,طقم طوق مع كلبس فيونكه 11 موديل 3,1,0,,0,2099-12-31,0,6920255311819,,Nos,
Nos,161792,اكسسوارات,طقم نظارة مع كلبس عدد 8 اشكال 6/1,1,0,,0,2099-12-31,0,6935929871018,,Nos,
Nos,161793,اكسسوارات,طقم نظارة مع سلس عدد 8 اشكال 1,1,0,,0,2099-12-31,0,6937501072004,,Nos,
Nos,161841,اكسسوارات,161841,1,0,,0,2099-12-31,0,6902025121231,,Nos,
Nos,161847,اكسسوارات,161847,1,0,,0,2099-12-31,0,6950151618477,,Nos,
Nos,165A,اكسسوارات,165A,1,0,,0,2099-12-31,0,2097281338975,,Nos,
Nos,16809,اكسسوارات,16809,1,0,,0,2099-12-31,0,3337875816809,,Nos,
Nos,16847,اكسسوارات,16847,1,0,,0,2099-12-31,0,3337875816847,,Nos,
Nos,1701,اكسسوارات,8851932469104,1,0,,0,2099-12-31,0,8851932469104,,Nos,
Nos,17026,اكسسوارات,17026,1,0,,0,2099-12-31,0,6920251117026,,Nos,
Nos,1703,اكسسوارات,5912676276076,1,0,,0,2099-12-31,0,5912676276076,,Nos,
Nos,1733,اكسسوارات,4116621761216,1,0,,0,2099-12-31,0,4116621761216,,Nos,
Nos,1735,اكسسوارات,6977925340419,1,0,,0,2099-12-31,0,6977925340419,,Nos,
Nos,1757,اكسسوارات,1196148130316,1,0,,0,2099-12-31,0,1196148130316,,Nos,
Nos,17948,اكسسوارات,17948,1,0,,0,2099-12-31,0,3066109417948,,Nos,
Nos,17994,اكسسوارات,17994,1,0,,0,2099-12-31,0,2025001617994,,Nos,
Nos,18223,اكسسوارات,18223,1,0,,0,2099-12-31,0,6912341618223,,Nos,
Nos,18380,اكسسوارات,18380,1,0,,0,2099-12-31,0,2025001618380,,Nos,
Nos,1872,اكسسوارات,1872,1,0,,0,2099-12-31,0,4800888221872,,Nos,
Nos,191004,اكسسوارات,191004,1,0,,0,2099-12-31,0,769915191004,,Nos,
Nos,201842,اكسسوارات,201842,1,0,,0,2099-12-31,0,3152200201842,,Nos,
Nos,2020,اكسسوارات,2020,1,0,,0,2099-12-31,0,4000202020,,Nos,
Nos,202020,اكسسوارات,202020,1,0,,0,2099-12-31,0,5000202020,,Nos,
Nos,202209,اكسسوارات,اقلام روج ميس ديم 2309,1,0,,0,2099-12-31,0,6913134202209,,Nos,
Nos,20243,اكسسوارات,باكت رموش طبيعي,1,0,,0,2099-12-31,0,6978941520243,,Nos,
Nos,20812,اكسسوارات,20812,1,0,,0,2099-12-31,0,8809700320812,,Nos,
Nos,20841,اكسسوارات,20841,1,0,,0,2099-12-31,0,6907240320841,,Nos,
Nos,20956,اكسسوارات,20956,1,0,,0,2099-12-31,0,6973911220956,,Nos,
Nos,2121,اكسسوارات,خواتم مع المحبس رزكون,1,0,,0,2099-12-31,0,212121,,Nos,
Nos,21212,اكسسوارات,21212,1,0,,0,2099-12-31,0,4000121212,,Nos,
Nos,21590,اكسسوارات,21590,1,0,,0,2099-12-31,0,721590,,Nos,
Nos,221B,اكسسوارات,221B,1,0,,0,2099-12-31,0,6971606202218,,Nos,
Nos,22338,اكسسوارات,22338,1,0,,0,2099-12-31,0,3353728522338,,Nos,
Nos,2244,اكسسوارات,2244,1,0,,0,2099-12-31,0,9005800352244,,Nos,
Nos,22878,اكسسوارات,اساور رجالي نسائي,1,0,,0,2099-12-31,0,8991283322878,,Nos,
Nos,23019,اكسسوارات,23019,1,0,,0,2099-12-31,0,6920138823019,,Nos,
Nos,23026,اكسسوارات,23026,1,0,,0,2099-12-31,0,6920138823026,,Nos,
Nos,233233,اكسسوارات,233233,1,0,,0,2099-12-31,0,111233233,,Nos,
Nos,23454,اكسسوارات,23454,1,0,,0,2099-12-31,0,6932025123454,,Nos,
Nos,24025,اكسسوارات,24025,1,0,,0,2099-12-31,0,6937803924025,,Nos,
Nos,244244,اكسسوارات,244244,1,0,,0,2099-12-31,0,111244244,,Nos,
Nos,24513,اكسسوارات,24513,1,0,,0,2099-12-31,0,3600531324513,,Nos,
Nos,24611,اكسسوارات,24611,1,0,,0,2099-12-31,0,072140024611,,Nos,
Nos,25092,اكسسوارات,25092,1,0,,0,2099-12-31,0,8652369925092,,Nos,
Nos,25146,اكسسوارات,25146,1,0,,0,2099-12-31,0,8652369925146,,Nos,
Nos,2520,اكسسوارات,2520,1,0,,0,2099-12-31,0,6882169872520,,Nos,
Nos,25351,اكسسوارات,25351,1,0,,0,2099-12-31,0,5632467125351,,Nos,
Nos,25560,اكسسوارات,علب سحاب مربع وسط,1,0,,0,2099-12-31,0,150055625560,,Nos,
Nos,25561,اكسسوارات,علب سحاب مربع كبير,1,0,,0,2099-12-31,0,150055625561,,Nos,
Nos,25562,اكسسوارات,علب سحاب اساور طويل,1,0,,0,2099-12-31,0,150055625562,,Nos,
Nos,25563,اكسسوارات,علب اساور طويل,1,0,,0,2099-12-31,0,150055625563,,Nos,
Nos,25564,اكسسوارات,علب خواتم مربع,1,0,,0,2099-12-31,0,150055625564,,Nos,
Nos,25565,اكسسوارات,علب خواتم قطيفة,1,0,,0,2099-12-31,0,150055625565,,Nos,
Nos,25566,اكسسوارات,علب طقوم وسط,1,0,,0,2099-12-31,0,150055625566,,Nos,
Nos,26-2862,اكسسوارات,26-2862,1,0,,0,2099-12-31,0,28622862,,Nos,
Nos,26-5569,اكسسوارات,26-5569,1,0,,0,2099-12-31,0,55695569,,Nos,
Nos,26-AF8808,اكسسوارات,26-AF8808,1,0,,0,2099-12-31,0,88088808,,Nos,
Nos,26-SDR-211,اكسسوارات,26-SDR-211,1,0,,0,2099-12-31,0,SDR211211,,Nos,
Nos,263,اكسسوارات,263,1,0,,0,2099-12-31,0,6933885500263,,Nos,
Nos,26411,اكسسوارات,26411,1,0,,0,2099-12-31,0,6287015126411,,Nos,
Nos,26677,اكسسوارات,كريم ستافيل,1,0,,0,2099-12-31,0,072140026677,,Nos,
Nos,2676,اكسسوارات,2676,1,0,,0,2099-12-31,0,011111022676,,Nos,
Nos,27066,اكسسوارات,27066,1,0,,0,2099-12-31,0,303160227066,,Nos,
Nos,272B,اكسسوارات,272B,1,0,,0,2099-12-31,0,1801025620025,,Nos,
Nos,28568,اكسسوارات,28568,1,0,,0,2099-12-31,0,6925832828568,,Nos,
Nos,28860,اكسسوارات,28860,1,0,,0,2099-12-31,0,6291108528860,,Nos,
Nos,3,اكسسوارات,cheese burger,1,0,,0,2099-12-31,0,735745699119,,Nos,
Nos,3007546,اكسسوارات,3007546,1,0,,0,2099-12-31,0,8904023007546,,Nos,
Nos,30148,اكسسوارات,30148,1,0,,0,2099-12-31,0,8901248230148,,Nos,
Nos,3045,اكسسوارات,3045,1,0,,0,2099-12-31,0,6940791023045,,Nos,
Nos,30706,اكسسوارات,30706,1,0,,0,2099-12-31,0,725272730706,,Nos,
Nos,30782,اكسسوارات,بوش مجموعة,1,0,,0,2099-12-31,0,6939374130782,,Nos,
Nos,309808,اكسسوارات,309808,1,0,,0,2099-12-31,0,7295322309808,,Nos,
Nos,309934,اكسسوارات,309934,1,0,,0,2099-12-31,0,6972907309934,,Nos,
Nos,3113,اكسسوارات,3113,1,0,,0,2099-12-31,0,100113113,,Nos,
Nos,31313,اكسسوارات,31313,1,0,,0,2099-12-31,0,4000131313,,Nos,
Nos,31545,اكسسوارات,سلوس بناتي دمعة,1,0,,0,2099-12-31,0,5456531545,,Nos,
Nos,31569,اكسسوارات,تيجان بناتي,1,0,,0,2099-12-31,0,6905001131569,,Nos,
Nos,31890,اكسسوارات,31890,1,0,,0,2099-12-31,0,6977892731890,,Nos,
Nos,33550,اكسسوارات,33550,1,0,,0,2099-12-31,0,8809640733550,,Nos,
Nos,34020,اكسسوارات,34020,1,0,,0,2099-12-31,0,6957601134020,,Nos,
Nos,34060,اكسسوارات,34060,1,0,,0,2099-12-31,0,769915234060,,Nos,
Nos,34218,اكسسوارات,34218,1,0,,0,2099-12-31,0,6932021134218,,Nos,
Nos,3434,اكسسوارات,سلوس فايتي كليف,1,0,فايتي,0,2099-12-31,0,343434,,Nos,
Nos,34919,اكسسوارات,34919,1,0,,0,2099-12-31,0,7702018334919,,Nos,
Nos,350590,اكسسوارات,روج  سائل 330411,1,0,,0,2099-12-31,0,6977270350590,,Nos,
Nos,35306,اكسسوارات,35306,1,0,,0,2099-12-31,0,6281056335306,,Nos,
Nos,3709,اكسسوارات,3709,1,0,,0,2099-12-31,0,3401578653709,,Nos,
Nos,37101,اكسسوارات,37101,1,0,,0,2099-12-31,0,6291108737101,,Nos,
Nos,37190,اكسسوارات,37190,1,0,,0,2099-12-31,0,8809640737190,,Nos,
Nos,3737,اكسسوارات,اساور مسمار,1,0,,0,2099-12-31,0,373737,,Nos,
Nos,37897,اكسسوارات,37897,1,0,,0,2099-12-31,0,6291108737897,,Nos,
Nos,3817,اكسسوارات,3817,1,0,,0,2099-12-31,0,PB2501010203817,,Nos,
Nos,38405,اكسسوارات,38405,1,0,,0,2099-12-31,0,6291108738405,,Nos,
Nos,38436,اكسسوارات,38436,1,0,,0,2099-12-31,0,6291108738436,,Nos,
Nos,38573,اكسسوارات,38573,1,0,,0,2099-12-31,0,6291108738573,,Nos,
Nos,38597,اكسسوارات,38597,1,0,,0,2099-12-31,0,6291108738597,,Nos,
Nos,38610,اكسسوارات,38610,1,0,,0,2099-12-31,0,6291108738610,,Nos,
Nos,38849,اكسسوارات,38849,1,0,,0,2099-12-31,0,6291108738849,,Nos,
Nos,38877,اكسسوارات,38877,1,0,,0,2099-12-31,0,138877,,Nos,
Nos,39068,اكسسوارات,39068,1,0,,0,2099-12-31,0,6291108739068,,Nos,
Nos,39523,اكسسوارات,39523,1,0,,0,2099-12-31,0,6922211339523,,Nos,
Nos,39570,اكسسوارات,39570,1,0,,0,2099-12-31,0,8809596939570,,Nos,
Nos,39615,اكسسوارات,39615,1,0,,0,2099-12-31,0,6922211339615,,Nos,
Nos,400101,اكسسوارات,قطب كرت نيو مارك,1,0,,0,2099-12-31,0,6906036400101,,Nos,
Nos,40061,اكسسوارات,40061,1,0,,0,2099-12-31,0,9551001840061,,Nos,
Nos,401184,اكسسوارات,401184,1,0,,0,2099-12-31,0,8310039401184,,Nos,
Nos,40313,اكسسوارات,40313,1,0,,0,2099-12-31,0,010181040313,,Nos,
Nos,40358,اكسسوارات,اقلام ديموند 9244,1,0,,0,2099-12-31,0,6977925340358,,Nos,
Nos,40390,اكسسوارات,40390,1,0,,0,2099-12-31,0,8901248240390,,Nos,
Nos,40400,اكسسوارات,40400,1,0,,0,2099-12-31,0,6971335440400,,Nos,
Nos,40421,اكسسوارات,40421,1,0,,0,2099-12-31,0,3401348840421,,Nos,
Nos,40831,اكسسوارات,40831,1,0,,0,2099-12-31,0,6974479440831,,Nos,
Nos,4091,اكسسوارات,4091,1,0,,0,2099-12-31,0,40914091,,Nos,
Nos,4114,اكسسوارات,4114,1,0,,0,2099-12-31,0,100114114,,Nos,
Nos,4119,اكسسوارات,اسفنج مائي,1,0,,0,2099-12-31,0,4820230804119,,Nos,
Nos,41278,اكسسوارات,41278,1,0,,0,2099-12-31,0,3600530941278,,Nos,
Nos,41414,اكسسوارات,41414,1,0,,0,2099-12-31,0,4000141414,,Nos,
Nos,41414,اكسسوارات,قطب كرز,1,0,,0,2099-12-31,0,5000141414,,Nos,
Nos,41451,اكسسوارات,41451,1,0,,0,2099-12-31,0,6920511341451,,Nos,
Nos,41456,اكسسوارات,41456,1,0,,0,2099-12-31,0,052336341456,,Nos,
Nos,43213,اكسسوارات,43213,1,0,,0,2099-12-31,0,743213,,Nos,
Nos,43558,اكسسوارات,لمعه جسم فازلين,1,0,,0,2099-12-31,0,305210043558,,Nos,
Nos,43788,اكسسوارات,43788,1,0,,0,2099-12-31,0,6920251543788,,Nos,
Nos,43825,اكسسوارات,43825,1,0,,0,2099-12-31,0,6920251543825,,Nos,
Nos,43863,اكسسوارات,43863,1,0,,0,2099-12-31,0,6920251543863,,Nos,
Nos,43930,اكسسوارات,43930,1,0,,0,2099-12-31,0,6930381543930,,Nos,
Nos,44277,اكسسوارات,44277,1,0,,0,2099-12-31,0,0376662844277,,Nos,
Nos,447447,اكسسوارات,كلبس كرز,1,0,,0,2099-12-31,0,447447447,,Nos,
Nos,45617,اكسسوارات,45617,1,0,,0,2099-12-31,0,7509552845617,,Nos,
Nos,46122,اكسسوارات,46122,1,0,,0,2099-12-31,0,6974772946122,,Nos,
Nos,46134,اكسسوارات,اقلام كحل عريض ابيض+ازرق,1,0,,0,2099-12-31,0,6920982846134,,Nos,
Nos,4646,اكسسوارات,4646,1,0,,0,2099-12-31,0,464646,,Nos,
Nos,4653,اكسسوارات,4653,1,0,,0,2099-12-31,0,011111054653,,Nos,
Nos,4705,اكسسوارات,4705,1,0,,0,2099-12-31,0,033200194705,,Nos,
Nos,4747,اكسسوارات,4747,1,0,,0,2099-12-31,0,474747,,Nos,
Nos,47535,اكسسوارات,47535,1,0,,0,2099-12-31,0,6977740247535,,Nos,
Nos,478021,اكسسوارات,478021,1,0,,0,2099-12-31,0,8901248478021,,Nos,
Nos,4848,اكسسوارات,4848,1,0,,0,2099-12-31,0,484848,,Nos,
Nos,48538,اكسسوارات,48538,1,0,,0,2099-12-31,0,6903645548538,,Nos,
Nos,49280,اكسسوارات,49280,1,0,,0,2099-12-31,0,4928049280,,Nos,
Nos,4949,اكسسوارات,4949,1,0,,0,2099-12-31,0,494949,,Nos,
Nos,500081,اكسسوارات,500081,1,0,,0,2099-12-31,0,6294007500081,,Nos,
Nos,500142,اكسسوارات,500142,1,0,,0,2099-12-31,0,6294007500142,,Nos,
Nos,5009695,اكسسوارات,5009695,1,0,,0,2099-12-31,0,9853415009695,,Nos,
Nos,501316,اكسسوارات,501316,1,0,,0,2099-12-31,0,6294007501316,,Nos,
Nos,501323,اكسسوارات,501323,1,0,,0,2099-12-31,0,6294007501323,,Nos,
Nos,501330,اكسسوارات,501330,1,0,,0,2099-12-31,0,6294007501330,,Nos,
Nos,501446,اكسسوارات,501446,1,0,,0,2099-12-31,0,6294007501446,,Nos,
Nos,501989,اكسسوارات,501989,1,0,,0,2099-12-31,0,6294007501989,,Nos,
Nos,502689,اكسسوارات,502689,1,0,,0,2099-12-31,0,6294007502689,,Nos,
Nos,503211,اكسسوارات,503211,1,0,,0,2099-12-31,0,6294007503211,,Nos,
Nos,504218,اكسسوارات,504218,1,0,,0,2099-12-31,0,6294007504218,,Nos,
Nos,5044,اكسسوارات,5044,1,0,,0,2099-12-31,0,50445044,,Nos,
Nos,5050,اكسسوارات,5050,1,0,,0,2099-12-31,0,505050,,Nos,
Nos,505215,اكسسوارات,505215,1,0,,0,2099-12-31,0,6294007505215,,Nos,
Nos,505413,اكسسوارات,505413,1,0,,0,2099-12-31,0,6294007505413,,Nos,
Nos,505512,اكسسوارات,505512,1,0,,0,2099-12-31,0,6294007505512,,Nos,
Nos,505710,اكسسوارات,505710,1,0,,0,2099-12-31,0,6294007505710,,Nos,
Nos,5058,اكسسوارات,5058,1,0,,0,2099-12-31,0,50585058,,Nos,
Nos,51062,اكسسوارات,51062,1,0,,0,2099-12-31,0,000006251062,,Nos,
Nos,51147,اكسسوارات,51147,1,0,,0,2099-12-31,0,8901248451147,,Nos,
Nos,5115,اكسسوارات,5115,1,0,,0,2099-12-31,0,100115115,,Nos,
Nos,51222,اكسسوارات,51222,1,0,,0,2099-12-31,0,8901248451222,,Nos,
Nos,51260,اكسسوارات,51260,1,0,,0,2099-12-31,0,8901248451260,,Nos,
Nos,51392,اكسسوارات,51392,1,0,,0,2099-12-31,0,6946038651392,,Nos,
Nos,51415,اكسسوارات,51415,1,0,,0,2099-12-31,0,6946038651415,,Nos,
Nos,5151,اكسسوارات,5151,1,0,,0,2099-12-31,0,515151,,Nos,
Nos,51515,اكسسوارات,51515,1,0,,0,2099-12-31,0,4000151515,,Nos,
Nos,51515,اكسسوارات,51515,1,0,,0,2099-12-31,0,5000151515,,Nos,
Nos,51574,اكسسوارات,51574,1,0,,0,2099-12-31,0,8901248451574,,Nos,
Nos,51611,اكسسوارات,51611,1,0,,0,2099-12-31,0,8901248451611,,Nos,
Nos,51712,اكسسوارات,51712,1,0,,0,2099-12-31,0,1929650451712,,Nos,
Nos,5252,اكسسوارات,5252,1,0,,0,2099-12-31,0,525252,,Nos,
Nos,52664,اكسسوارات,اساور فرفشة,1,0,,0,2099-12-31,0,5252664,,Nos,
Nos,52665,اكسسوارات,اساور فرفشة منوعين,1,0,,0,2099-12-31,0,5252665,,Nos,
Nos,53191,اكسسوارات,قطب طقم حلق مدور ملون,1,0,,0,2099-12-31,0,5319153191,,Nos,
Nos,5353,اكسسوارات,5353,1,0,,0,2099-12-31,0,535353,,Nos,
Nos,54094,اكسسوارات,54094,1,0,,0,2099-12-31,0,3760237854094,,Nos,
Nos,54168,اكسسوارات,مصحح حواجب نوت+ برافو ليدي,1,0,,0,2099-12-31,0,6994626854168,,Nos,
Nos,5454,اكسسوارات,5454,1,0,,0,2099-12-31,0,545454,,Nos,
Nos,55045,اكسسوارات,55045,1,0,,0,2099-12-31,0,50455045,,Nos,
Nos,552869,اكسسوارات,552869,1,0,,0,2099-12-31,0,5528699123923,,Nos,
Nos,55421,اكسسوارات,55421,1,0,,0,2099-12-31,0,5000655421,,Nos,
Nos,5555,اكسسوارات,5555,1,0,,0,2099-12-31,0,555555,,Nos,
Nos,5568,اكسسوارات,5568,1,0,,0,2099-12-31,0,55685568,,Nos,
Nos,55794,اكسسوارات,طقم سلوس فراشة,1,0,,0,2099-12-31,0,5579455794,,Nos,
Nos,5581,اكسسوارات,طقم بناتي قلب,1,0,,0,2099-12-31,0,55815581,,Nos,
Nos,56109,اكسسوارات,56109,1,0,,0,2099-12-31,0,0506699456109,,Nos,
Nos,56210,اكسسوارات,56210,1,0,,0,2099-12-31,0,1617951256210,,Nos,
Nos,56213,اكسسوارات,56213,1,0,,0,2099-12-31,0,1617941256213,,Nos,
Nos,5656,اكسسوارات,5656,1,0,,0,2099-12-31,0,565656,,Nos,
Nos,56649,اكسسوارات,56649,1,0,,0,2099-12-31,0,6985948556649,,Nos,
Nos,56787,اكسسوارات,56787,1,0,,0,2099-12-31,0,897865456456787,,Nos,
Nos,57370,اكسسوارات,57370,1,0,,0,2099-12-31,0,4342939057370,,Nos,
Nos,57374,اكسسوارات,57374,1,0,,0,2099-12-31,0,8901248257374,,Nos,
Nos,5757,اكسسوارات,5757,1,0,,0,2099-12-31,0,575757,,Nos,
Nos,5762,اكسسوارات,اساور فان كليف,1,0,,0,2099-12-31,0,57625762,,Nos,
Nos,5786,اكسسوارات,5786,1,0,,0,2099-12-31,0,57865786,,Nos,
Nos,5801,اكسسوارات,5801,1,0,,0,2099-12-31,0,58015801,,Nos,
Nos,58174,اكسسوارات,58174,1,0,,0,2099-12-31,0,9112912458174,,Nos,
Nos,58439,اكسسوارات,58439,1,0,,0,2099-12-31,0,8992803658439,,Nos,
Nos,5858,اكسسوارات,5858,1,0,,0,2099-12-31,0,585858,,Nos,
Nos,5897,اكسسوارات,5897,1,0,,0,2099-12-31,0,8888086785897,,Nos,
Nos,5959,اكسسوارات,5959,1,0,,0,2099-12-31,0,595959,,Nos,
Nos,59684,اكسسوارات,59684,1,0,,0,2099-12-31,0,6291107459684,,Nos,
Nos,603132,اكسسوارات,603132,1,0,,0,2099-12-31,0,6926633603132,,Nos,
Nos,6060,اكسسوارات,6060,1,0,,0,2099-12-31,0,606060,,Nos,
Nos,6116,اكسسوارات,6116,1,0,,0,2099-12-31,0,100116116,,Nos,
Nos,61172,اكسسوارات,61172,1,0,,0,2099-12-31,0,8809576261172,,Nos,
Nos,6145,اكسسوارات,سلوس بناتي كرزه,1,0,,0,2099-12-31,0,45248796145,,Nos,
Nos,6151,اكسسوارات,6151,1,0,,0,2099-12-31,0,3499775636151,,Nos,
Nos,61616,اكسسوارات,61616,1,0,,0,2099-12-31,0,4000161616,,Nos,
Nos,61616,اكسسوارات,61616,1,0,,0,2099-12-31,0,5000161616,,Nos,
Nos,61839,اكسسوارات,61839,1,0,,0,2099-12-31,0,6920250161839,,Nos,
Nos,6265,اكسسوارات,6265,1,0,,0,2099-12-31,0,243A16265,,Nos,
Nos,62662,اكسسوارات,ابيام فيونكة مع المراطق,1,0,,0,2099-12-31,0,662662662,,Nos,
Nos,62898,اكسسوارات,62898,1,0,,0,2099-12-31,0,156486456162898,,Nos,
Nos,63122,اكسسوارات,فرشم مكياج بيوتي,1,0,بيوتي,0,2099-12-31,0,6952474163122,,Nos,
Nos,63531,اكسسوارات,كلبس كرز  2,1,0,,0,2099-12-31,0,000000063531,,Nos,
Nos,6377,اكسسوارات,6377,1,0,,0,2099-12-31,0,100106377,,Nos,
Nos,6386,اكسسوارات,6386,1,0,,0,2099-12-31,0,100106386,,Nos,
Nos,6400,اكسسوارات,6400,1,0,,0,2099-12-31,0,100106400,,Nos,
Nos,6432,اكسسوارات,6432,1,0,,0,2099-12-31,0,100106432,,Nos,
Nos,6437,اكسسوارات,6437,1,0,,0,2099-12-31,0,100106437,,Nos,
Nos,6477,اكسسوارات,6477,1,0,,0,2099-12-31,0,8809875456477,,Nos,
Nos,67,اكسسوارات,سلس,1,0,,0,2099-12-31,0,2225638789310,,Nos,
Nos,67122,اكسسوارات,67122,1,0,,0,2099-12-31,0,6281006567122,,Nos,
Nos,67217,اكسسوارات,67217,1,0,,0,2099-12-31,0,6291106067217,,Nos,
Nos,67224,اكسسوارات,67224,1,0,,0,2099-12-31,0,6291106067224,,Nos,
Nos,6767,اكسسوارات,باكت مسكرة رومنتك جديد,1,0,رومنتك,0,2099-12-31,0,6971204786110,,Nos,
Nos,68160,اكسسوارات,68160,1,0,,0,2099-12-31,0,6972943768160,,Nos,
Nos,6831,اكسسوارات,مورد يارا,1,0,,0,2099-12-31,0,6957834806831,,Nos,
Nos,6868,اكسسوارات,باكت مسكرة سفن دي الأصلي,1,0,سفن دي,0,2099-12-31,0,6971204785984,,Nos,
Nos,690442578301,اكسسوارات,690442578301,1,0,,0,2099-12-31,0,6904425783019,,Nos,
Nos,694605123971,اكسسوارات,694605123971,1,0,,0,2099-12-31,0,6946051239713,,Nos,
Nos,70009,اكسسوارات,70009,1,0,,0,2099-12-31,0,8809416470009,,Nos,
Nos,70016,اكسسوارات,70016,1,0,,0,2099-12-31,0,8809416470016,,Nos,
Nos,7079,اكسسوارات,7079,1,0,,0,2099-12-31,0,9944185070797,,Nos,
Nos,708,اكسسوارات,سلوس 1,1,0,,0,2099-12-31,0,8459425957314,,Nos,
Nos,7117,اكسسوارات,7117,1,0,,0,2099-12-31,0,100117117,,Nos,
Nos,71425,اكسسوارات,71425,1,0,,0,2099-12-31,0,6912316171425,,Nos,
Nos,71717,اكسسوارات,71717,1,0,,0,2099-12-31,0,4000171717,,Nos,
Nos,71717,اكسسوارات,71717,1,0,,0,2099-12-31,0,5000171717,,Nos,
Nos,72,اكسسوارات,وهمي,1,0,,0,2099-12-31,0,1705217677777,,Nos,
Nos,7210,اكسسوارات,7210,1,0,,0,2099-12-31,0,3337875597210,,Nos,
Nos,721496,اكسسوارات,721496,1,0,,0,2099-12-31,0,8410664651975,,Nos,
Nos,721497,اكسسوارات,721497,1,0,,0,2099-12-31,0,1277080562172,,Nos,
Nos,721501,اكسسوارات,721501,1,0,,0,2099-12-31,0,3970357621500,,Nos,
Nos,721502,اكسسوارات,721502,1,0,,0,2099-12-31,0,5256367739854,,Nos,
Nos,721587,اكسسوارات,721587,1,0,,0,2099-12-31,0,721587,,Nos,
Nos,721588,اكسسوارات,721588,1,0,,0,2099-12-31,0,721588,,Nos,
Nos,721589,اكسسوارات,721589,1,0,,0,2099-12-31,0,721589,,Nos,
Nos,721592,اكسسوارات,721592,1,0,,0,2099-12-31,0,3783284477894,,Nos,
Nos,740404,اكسسوارات,740404,1,0,,0,2099-12-31,0,0863765019720,,Nos,
Nos,741442,اكسسوارات,741442,1,0,,0,2099-12-31,0,9808036205380,,Nos,
Nos,741489,اكسسوارات,741489,1,0,,0,2099-12-31,0,9975507493062,,Nos,
Nos,741501,اكسسوارات,741501,1,0,,0,2099-12-31,0,7529067516208,,Nos,
Nos,741975,اكسسوارات,741975,1,0,,0,2099-12-31,0,5726738519106,,Nos,
Nos,741983,اكسسوارات,741983,1,0,,0,2099-12-31,0,7560980367263,,Nos,
Nos,742024,اكسسوارات,742024,1,0,,0,2099-12-31,0,4795293571059,,Nos,
Nos,742028,اكسسوارات,742028,1,0,,0,2099-12-31,0,1265128591369,,Nos,
Nos,742226,اكسسوارات,742226,1,0,,0,2099-12-31,0,9055740299062,,Nos,
Nos,742579,اكسسوارات,742579,1,0,,0,2099-12-31,0,7923884103502,,Nos,
Nos,742786,اكسسوارات,742786,1,0,,0,2099-12-31,0,3035411949676,,Nos,
Nos,742851,اكسسوارات,742851,1,0,,0,2099-12-31,0,3497910689208,,Nos,
Nos,742896,اكسسوارات,742896,1,0,,0,2099-12-31,0,6072988649711,,Nos,
Nos,742904,اكسسوارات,742904,1,0,,0,2099-12-31,0,7997910438715,,Nos,
Nos,742954,اكسسوارات,742954,1,0,,0,2099-12-31,0,6497698312876,,Nos,
Nos,743066,اكسسوارات,743066,1,0,,0,2099-12-31,0,3591919882360,,Nos,
Nos,743070,اكسسوارات,743070,1,0,,0,2099-12-31,0,4853792486035,,Nos,
Nos,743489,اكسسوارات,743489,1,0,,0,2099-12-31,0,6725487120396,,Nos,
Nos,743565,اكسسوارات,743565,1,0,,0,2099-12-31,0,743565,,Nos,
Nos,743600,اكسسوارات,743600,1,0,,0,2099-12-31,0,743600,,Nos,
Nos,743606,اكسسوارات,743606,1,0,,0,2099-12-31,0,7176209262822,,Nos,
Nos,743622,اكسسوارات,743622,1,0,,0,2099-12-31,0,9160060587857,,Nos,
Nos,744107,اكسسوارات,744107,1,0,,0,2099-12-31,0,7279031986079,,Nos,
Nos,750710,اكسسوارات,750710,1,0,,0,2099-12-31,0,3149990212653,,Nos,
Nos,750711,اكسسوارات,750711,1,0,,0,2099-12-31,0,8374528204878,,Nos,
Nos,750712,اكسسوارات,750712,1,0,,0,2099-12-31,0,1157508895719,,Nos,
Nos,750713,اكسسوارات,750713,1,0,,0,2099-12-31,0,9934886693616,,Nos,
Nos,750714,اكسسوارات,750714,1,0,,0,2099-12-31,0,7543289076746,,Nos,
Nos,77092,اكسسوارات,77092,1,0,,0,2099-12-31,0,3401399277092,,Nos,
Nos,77454,اكسسوارات,اقلام كحل اسود طلعة,1,0,,0,2099-12-31,0,8948490577454,,Nos,
Nos,78236,اكسسوارات,78236,1,0,,0,2099-12-31,0,8901248478236,,Nos,
Nos,78252,اكسسوارات,78252,1,0,,0,2099-12-31,0,6935356578252,,Nos,
Nos,78813,اكسسوارات,78813,1,0,,0,2099-12-31,0,6912316178813,,Nos,
Nos,790778,اكسسوارات,790778,1,0,,0,2099-12-31,0,6901790778022,,Nos,
Nos,790794,اكسسوارات,790794,1,0,,0,2099-12-31,0,5671382752044,,Nos,
Nos,790800,اكسسوارات,790800,1,0,,0,2099-12-31,0,9371005778074,,Nos,
Nos,791052,اكسسوارات,791052,1,0,,0,2099-12-31,0,6920257910522,,Nos,
Nos,791067,اكسسوارات,791067,1,0,,0,2099-12-31,0,6920257910676,,Nos,
Nos,791097,اكسسوارات,791097,1,0,,0,2099-12-31,0,6920257910973,,Nos,
Nos,80088,اكسسوارات,80088,1,0,,0,2099-12-31,0,7160934480088,,Nos,
Nos,809129,اكسسوارات,809129,1,0,,0,2099-12-31,0,6930274809129,,Nos,
Nos,8118,اكسسوارات,8118,1,0,,0,2099-12-31,0,100118118,,Nos,
Nos,81818,اكسسوارات,81818,1,0,,0,2099-12-31,0,4000181818,,Nos,
Nos,81818,اكسسوارات,81818,1,0,,0,2099-12-31,0,5000181818,,Nos,
Nos,81947,اكسسوارات,81947,1,0,,0,2099-12-31,0,8999999581947,,Nos,
Nos,82518,اكسسوارات,82518,1,0,,0,2099-12-31,0,6935356582518,,Nos,
Nos,83232,اكسسوارات,83232,1,0,,0,2099-12-31,0,6971204783232,,Nos,
Nos,83919,اكسسوارات,83919,1,0,,0,2099-12-31,0,6925213883919,,Nos,
Nos,8407,اكسسوارات,8407,1,0,,0,2099-12-31,0,8809426813865,,Nos,
Nos,84072,اكسسوارات,84072,1,0,,0,2099-12-31,0,6041216184072,,Nos,
Nos,84128,اكسسوارات,مصحح حواجب أبو جهة,1,0,,0,2099-12-31,0,6933495884128,,Nos,
Nos,84535,اكسسوارات,84535,1,0,,0,2099-12-31,0,772618084535,,Nos,
Nos,84810,اكسسوارات,84810,1,0,,0,2099-12-31,0,6970873984810,,Nos,
Nos,850038,اكسسوارات,850038,1,0,,0,2099-12-31,0,6972497850038,,Nos,
Nos,85476,اكسسوارات,85476,1,0,,0,2099-12-31,0,6922965185476,,Nos,
Nos,8555,اكسسوارات,8555,1,0,,0,2099-12-31,0,5558888555,,Nos,
Nos,86886,اكسسوارات,سلوس بناتي,1,0,,0,2099-12-31,0,886886886,,Nos,
Nos,87230,اكسسوارات,87230,1,0,,0,2099-12-31,0,7702018587230,,Nos,
Nos,87307,اكسسوارات,87307,1,0,,0,2099-12-31,0,5060518887307,,Nos,
Nos,87621,اكسسوارات,87621,1,0,,0,2099-12-31,0,6912191387621,,Nos,
Nos,88015,اكسسوارات,88015,1,0,,0,2099-12-31,0,6925261388015,,Nos,
Nos,88128,اكسسوارات,88128,1,0,,0,2099-12-31,0,6900001388128,,Nos,
Nos,88289,اكسسوارات,88289,1,0,,0,2099-12-31,0,6900001388289,,Nos,
Nos,88422,اكسسوارات,88422,1,0,,0,2099-12-31,0,6912311388422,,Nos,
Nos,90311,اكسسوارات,90311,1,0,,0,2099-12-31,0,769915190311,,Nos,
Nos,90356,اكسسوارات,90356,1,0,,0,2099-12-31,0,6971260890356,,Nos,
Nos,90670,اكسسوارات,90670,1,0,,0,2099-12-31,0,769915190670,,Nos,
Nos,90715,اكسسوارات,90715,1,0,,0,2099-12-31,0,6922965190715,,Nos,
Nos,90784,اكسسوارات,90784,1,0,,0,2099-12-31,0,6922965190784,,Nos,
Nos,91000,اكسسوارات,91000,1,0,,0,2099-12-31,0,6970975191000,,Nos,
Nos,9119,اكسسوارات,9119,1,0,,0,2099-12-31,0,100119119,,Nos,
Nos,91230,اكسسوارات,91230,1,0,,0,2099-12-31,0,033200191230,,Nos,
Nos,91877,اكسسوارات,روج سائل 2113,1,0,,0,2099-12-31,0,3194500091877,,Nos,
Nos,91919,اكسسوارات,91919,1,0,,0,2099-12-31,0,4000191919,,Nos,
Nos,9281,اكسسوارات,9281,1,0,,0,2099-12-31,0,8999777009281,,Nos,
Nos,93583,اكسسوارات,93583,1,0,,0,2099-12-31,0,4550516493583,,Nos,
Nos,93831,اكسسوارات,93831,1,0,,0,2099-12-31,0,8809305993831,,Nos,
Nos,94026,اكسسوارات,94026,1,0,,0,2099-12-31,0,3600523494026,,Nos,
Nos,94138,اكسسوارات,94138,1,0,,0,2099-12-31,0,9767013694138,,Nos,
Nos,950777999799,اكسسوارات,950777999799,1,0,,0,2099-12-31,0,9507779997992,,Nos,
Nos,95214,اكسسوارات,95214,1,0,,0,2099-12-31,0,040232095214,,Nos,
Nos,95776,اكسسوارات,95776,1,0,,0,2099-12-31,0,3506822095776,,Nos,
Nos,96161,اكسسوارات,96161,1,0,,0,2099-12-31,0,6922446096161,,Nos,
Nos,96565,اكسسوارات,جلوس جف جيرل 2093,1,0,,0,2099-12-31,0,03097187,,Nos,
Nos,97180,اكسسوارات,97180,1,0,,0,2099-12-31,0,3337875597180,,Nos,
Nos,97388,اكسسوارات,كريم سرافي 454ملي,1,0,,0,2099-12-31,0,3337875597388,,Nos,
Nos,9801,اكسسوارات,9801,1,0,,0,2099-12-31,0,6920250649801,,Nos,
Nos,9997991,اكسسوارات,9997991,1,0,,0,2099-12-31,0,9507779997991,,Nos,
Nos,AS-3215,اكسسوارات,AS-3215,1,0,,0,2099-12-31,0,32153215,,Nos,
Nos,AS-4520-2,اكسسوارات,AS-4520-2,1,0,,0,2099-12-31,0,4520245202,,Nos,
Nos,AS-4932,اكسسوارات,AS-4932,1,0,,0,2099-12-31,0,49324932,,Nos,
Nos,AS-5046,اكسسوارات,AS-5046,1,0,,0,2099-12-31,0,50465046,,Nos,
Nos,AS-513513,اكسسوارات,AS-513513,1,0,,0,2099-12-31,0,513513513,,Nos,
Nos,AS-5348,اكسسوارات,AS-5348,1,0,,0,2099-12-31,0,53485348,,Nos,
Nos,AS-5349,اكسسوارات,AS-5349,1,0,,0,2099-12-31,0,125125125,,Nos,
Nos,AS-552552,اكسسوارات,كواسر كبير,1,0,,0,2099-12-31,0,552552552,,Nos,
Nos,AS-554554,اكسسوارات,ابيام فراشات,1,0,,0,2099-12-31,0,554554554,,Nos,
Nos,AS-5654,اكسسوارات,AS-5654,1,0,,0,2099-12-31,0,56545654,,Nos,
Nos,B22939,اكسسوارات,B22939,1,0,,0,2099-12-31,0,B293998,,Nos,
Nos,B292217,اكسسوارات,B292217,1,0,,0,2099-12-31,0,B292217,,Nos,
Nos,B2935,اكسسوارات,B2935,1,0,,0,2099-12-31,0,B293561,,Nos,
Nos,B293583,اكسسوارات,B293583,1,0,,0,2099-12-31,0,B293583,,Nos,
Nos,B293602,اكسسوارات,B293602,1,0,,0,2099-12-31,0,B293602,,Nos,
Nos,B29364,اكسسوارات,B29364,1,0,,0,2099-12-31,0,B293641,,Nos,
Nos,B293653,اكسسوارات,B293653,1,0,,0,2099-12-31,0,B293653,,Nos,
Nos,B2937,اكسسوارات,B2937,1,0,,0,2099-12-31,0,B293719,,Nos,
Nos,B29371,اكسسوارات,B29371,1,0,,0,2099-12-31,0,B293717,,Nos,
Nos,B2939,اكسسوارات,B2939,1,0,,0,2099-12-31,0,B293996,,Nos,
Nos,B29390,اكسسوارات,B29390,1,0,,0,2099-12-31,0,B293907,,Nos,
Nos,B29398,اكسسوارات,B29398,1,0,,0,2099-12-31,0,B293985,,Nos,
Nos,BHS546,اكسسوارات,سلس مع الحلق,1,0,,0,2099-12-31,0,5934782049191,,Nos,
Nos,COMM,اكسسوارات,Communication,0,0,,0,2099-12-31,0,,,Nos,
Nos,EXP_GEN,اكسسوارات,Expenses,0,0,,0,2099-12-31,0,,,Nos,
Nos,FOOD,اكسسوارات,Meals,0,0,,0,2099-12-31,0,,,Nos,
Nos,GIFT,اكسسوارات,Gifts,0,0,,0,2099-12-31,0,,,Nos,
Nos,MIL,اكسسوارات,Mileage,0,0,,0,2099-12-31,0,,,Nos,
Nos,PH-272,اكسسوارات,PH-272,1,0,,0,2099-12-31,0,6971606202720,,Nos,
Nos,S160005,اكسسوارات,S160005,1,0,,0,2099-12-31,0,160005,,Nos,
Nos,S160008,اكسسوارات,S160008,1,0,,0,2099-12-31,0,160008,,Nos,
Nos,S160016,اكسسوارات,S160016,1,0,,0,2099-12-31,0,160016,,Nos,
Nos,S210301,اكسسوارات,اسبورات نسائيه م36-41 (شد 24),1,0,,0,2099-12-31,0,6900212103015,,Nos,
Nos,S210305,اكسسوارات,اسبورات نسائيه م36-41ش24,1,0,,0,2099-12-31,0,6900212103053,,Nos,
Nos,S210307,اكسسوارات,اسبوات نسائيه م36-41ش24,1,0,,0,2099-12-31,0,6900212103077,,Nos,
Nos,S210313,اكسسوارات,سبورات نسائيه م36-41ش24,1,0,,0,2099-12-31,0,6900212103138,,Nos,
Nos,S210315,اكسسوارات,اسبورات نسائي م 36-41ش24,1,0,,0,2099-12-31,0,6900212103152,,Nos,
Nos,SQ9235,اكسسوارات,ميداليات دبدوب,1,0,,0,2099-12-31,0,6688892350003,,Nos,
Nos,TIPS,اكسسوارات,Tips,1,0,,0,2099-12-31,0,,,Nos,
Nos,TRANS & ACC,اكسسوارات,Travel & Accommodation,0,0,,0,2099-12-31,0,,,Nos,
Nos,145145,اكسسوارات نسائية فاخرة,قطب مطلي رملي,1,0,,0,2099-12-31,0,145145145,,Nos,
Nos,5286415,اكسسوارات نسائية فاخرة,تيجان كرستال,1,0,,0,2099-12-31,0,52864154,,Nos,
Nos,5286416,اكسسوارات نسائية فاخرة,تيجان كرستال عرائسي,1,0,,0,2099-12-31,0,52864164,,Nos,
Nos,6161,اكسسوارات نسائية فاخرة,كفوف مطلي,1,0,,0,2099-12-31,0,616161,,Nos,
Nos,6969,اكسسوارات نسائية فاخرة,طقوم مطلي فرفشة,1,0,,0,2099-12-31,0,696969,,Nos,
Nos,7070,اكسسوارات نسائية فاخرة,كماشات كرستال,1,0,,0,2099-12-31,0,707070,,Nos,
Nos,AS-221221,اكسسوارات نسائية فاخرة,تيجان متحرك زركون,1,0,,0,2099-12-31,0,221221221,,Nos,
Nos,12288,التجميل,اظافر كلاسك كلر 5637,1,0,كلاسك,0,2099-12-31,0,8955155122881,,Nos,
Nos,24576,التجميل,اظافر كلاسك كلر 576,1,0,كلاسك,0,2099-12-31,0,8955155245764,,Nos,
Nos,250917,التجميل,اظافر صناعي بيوتي 5717,1,0,بيوتي,0,2099-12-31,0,6973926409179,,Nos,
Nos,41612,التجميل,اظافر صناعي 5613,1,0,,0,2099-12-31,0,6907725041612,,Nos,
Nos,5640,التجميل,اظافر صناعي علبة سداسي,1,0,,0,2099-12-31,0,56405640,,Nos,
Nos,6096,التجميل,اظافر شجلام,1,0,شجلام,0,2099-12-31,0,6904587606096,,Nos,
Nos,75255,التجميل,غراء اظافر,1,0,,0,2099-12-31,0,6997524675255,,Nos,
Nos,575742,امصار,امصار شعر,1,0,,0,2099-12-31,0,5757525,,Nos,
Nos,155155,حبال مائي,حبال مائي,1,0,,0,2099-12-31,0,11155155,,Nos,
Nos,5245,حبال مائي,حبال مائي الأصلي,1,0,,0,2099-12-31,0,2145215245,,Nos,
Nos,2020,خواتم استيل,خواتم استيل فص ملون,1,0,,0,2099-12-31,0,202020,,Nos,
Nos,10554,خواتم زركون,خواتم زركون اصلي2,1,0,,0,2099-12-31,0,110110445,,Nos,
Nos,1342,خواتم زركون,خواتم زركون اصلي1,1,0,,0,2099-12-31,0,1101110446,,Nos,
Nos,1919,خواتم زركون,خواتم زركون منوع,1,0,,0,2099-12-31,0,191919,,Nos,
Nos,2222,خواتم زركون,خواتم أبو فص زركون,1,0,,0,2099-12-31,0,222222,,Nos,
Nos,255255,خواتم مطلي,خواتم بناتي مطلي,1,0,,0,2099-12-31,0,255255255,,Nos,
Nos,28228,سلوس استيل,سلوس استيل كرت قصير,1,0,,0,2099-12-31,0,228228228,,Nos,
Nos,3131,سلوس استيل,سلوس استيل 2 خط,1,0,,0,2099-12-31,0,313131,,Nos,
Nos,3232,سلوس استيل,سلوس استيل منوع,1,0,,0,2099-12-31,0,323232,,Nos,
Nos,3333,سلوس استيل,سلوس استيل جنيهات,1,0,,0,2099-12-31,0,333333,,Nos,
Nos,3535,سلوس استيل,سلوس استيل مربع + منوع,1,0,,0,2099-12-31,0,353535,,Nos,
Nos,4141,سلوس استيل,سلوس استيل 3 خط,1,0,,0,2099-12-31,0,414141,,Nos,
Nos,4242,سلوس استيل,سلوس استيل مع القطب شانل,1,0,شانل,0,2099-12-31,0,424242,,Nos,
Nos,130130,سلوس زركون,سلوس زركون ريديوم,1,0,,0,2099-12-31,0,130130130,,Nos,
Nos,B292976,شنط اطفال,شنط اطفال,1,0,,0,2099-12-31,0,B292976,,Nos,
Nos,B293012,شنط اطفال,شنط اطفال,1,0,,0,2099-12-31,0,B293012,,Nos,
Nos,B293018,شنط اطفال,شنط اطفال,1,0,,0,2099-12-31,0,B293018,,Nos,
Nos,B293028,شنط اطفال,شنط اطفال,1,0,,0,2099-12-31,0,B293028,,Nos,
Nos,B293084,شنط اطفال,شنط اطفال,1,0,,0,2099-12-31,0,B293084,,Nos,
Nos,B293098,شنط اطفال,شنط اطفال,1,0,,0,2099-12-31,0,B293098,,Nos,
Nos,B292960,شنط بناتي,شنط بناتي شد 60 حبة,1,0,,0,2099-12-31,0,B292960,,Nos,
Nos,B292962,شنط بناتي,شنط بناتي شد 60,1,0,,0,2099-12-31,0,B292962,,Nos,
Nos,B292968,شنط بناتي,شنط بناتي شد 60 حبه,1,0,,0,2099-12-31,0,B292968,,Nos,
Nos,B292970,شنط بناتي,شنط بناتي شد 60 حبة,1,0,,0,2099-12-31,0,B292970,,Nos,
Nos,B292971,شنط بناتي,شنط بناتي شد 60 حبه,1,0,,0,2099-12-31,0,B292971,,Nos,
Nos,B292981,شنط بناتي,شنط بناتي شد 60 حبة,1,0,,0,2099-12-31,0,B292981,,Nos,
Nos,B292986,شنط بناتي,شنط بناتي شد 60 حبة,1,0,,0,2099-12-31,0,B292986,,Nos,
Nos,B292991,شنط بناتي,شنط بناتي شد 60 حبة,1,0,,0,2099-12-31,0,B292991,,Nos,
Nos,B293001,شنط بناتي,شنط بناتي شد 60,1,0,,0,2099-12-31,0,B293001,,Nos,
Nos,B293016,شنط بناتي,شنط بناتي شد 60 حبة,1,0,,0,2099-12-31,0,B293016,,Nos,
Nos,B293017,شنط بناتي,شنط بناتي شد 60 حبه,1,0,,0,2099-12-31,0,B293017,,Nos,
Nos,B293020,شنط بناتي,شنط بناتي شد 60 حبة,1,0,,0,2099-12-31,0,B293020,,Nos,
Nos,B293025,شنط بناتي,شنط بناتي شد 60 حبة,1,0,,0,2099-12-31,0,B293025,,Nos,
Nos,B293035,شنط بناتي,شنط بناتي شد 60 حبة,1,0,,0,2099-12-31,0,B293035,,Nos,
Nos,B293038,شنط بناتي,شنط بناتي شد 60 حبة,1,0,,0,2099-12-31,0,B293038,,Nos,
Nos,B293040,شنط بناتي,شنط بناتي شد 60 حبه,1,0,,0,2099-12-31,0,B293040,,Nos,
Nos,B293044,شنط بناتي,شنط بناتي شد 60 حبه,1,0,,0,2099-12-31,0,B293044,,Nos,
Nos,B293048,شنط بناتي,شنط بناتي شد 60 حبة,1,0,,0,2099-12-31,0,B293048,,Nos,
Nos,B293054,شنط بناتي,شنط بناتي شد 60 حبة,1,0,,0,2099-12-31,0,B293054,,Nos,
Nos,B293058,شنط بناتي,شنط بناتي شد 60 حبة,1,0,,0,2099-12-31,0,B293058,,Nos,
Nos,B293061,شنط بناتي,شنط بناتي شد 60 حبة,1,0,,0,2099-12-31,0,B293061,,Nos,
Nos,B293063,شنط بناتي,شنط بناتي شد 60,1,0,,0,2099-12-31,0,B293063,,Nos,
Nos,B293064,شنط بناتي,شنط بناتي شد 60,1,0,,0,2099-12-31,0,B293064,,Nos,
Nos,B293074,شنط بناتي,شنط بناتي شد 60,1,0,,0,2099-12-31,0,B293074,,Nos,
Nos,B293101,شنط بناتي,شنط بناتي شد 60 حبه,1,0,,0,2099-12-31,0,B293101,,Nos,
Nos,12335,شنط نسائي,شنط طقم ادوات اظافر,1,0,,0,2099-12-31,0,5000112335,,Nos,
Nos,B292667,شنط نسائي,شنطة نسائية شد 36,1,0,,0,2099-12-31,0,B292667,,Nos,
Nos,B292743,شنط نسائي,شنطة نسائية شد 24,1,0,,0,2099-12-31,0,B292743,,Nos,
Nos,B292928,شنط نسائي,شنط نسائي,1,0,,0,2099-12-31,0,B292928,,Nos,
Nos,B293397,شنط نسائي,شنط نسائي,1,0,,0,2099-12-31,0,B293397,,Nos,
Nos,B293499,شنط نسائي,شنط نسائي,1,0,,0,2099-12-31,0,B293499,,Nos,
Nos,B2935,شنط نسائي,شنطة نسائي,1,0,,0,2099-12-31,0,B293591,,Nos,
Nos,B293563,شنط نسائي,شنط نسائي,1,0,,0,2099-12-31,0,B293563,,Nos,
Nos,B293595,شنط نسائي,شنط نسائي,1,0,,0,2099-12-31,0,B293595,,Nos,
Nos,B2936,شنط نسائي,شنط نسائي,1,0,,0,2099-12-31,0,B293652,,Nos,
Nos,B293600,شنط نسائي,شنط نسائي,1,0,,0,2099-12-31,0,B293600,,Nos,
Nos,B293610,شنط نسائي,شنطة يد نسائي,1,0,,0,2099-12-31,0,B293610,,Nos,
Nos,B29362,شنط نسائي,شنط نسائي,1,0,,0,2099-12-31,0,B293621,,Nos,
Nos,B293621,شنط نسائي,شنط نسائي,1,0,,0,2099-12-31,0,1101201921565,,Nos,
Nos,B293640,شنط نسائي,شنط نسائي,1,0,,0,2099-12-31,0,B293640,,Nos,
Nos,B293658,شنط نسائي,شنطة يد نسائي,1,0,,0,2099-12-31,0,B293658,,Nos,
Nos,B293663,شنط نسائي,شنط نسائي,1,0,,0,2099-12-31,0,B293663,,Nos,
Nos,B29371790,شنط نسائي,شنطة  نسائي,1,0,,0,2099-12-31,0,6921530096278,,Nos,
Nos,B298080,شنط نسائي,شنطة نسائية,1,0,,0,2099-12-31,0,B298080,,Nos,
Nos,737,شنط يد نسائي,شنط يد نسائي,1,0,,0,2099-12-31,0,3867146993538,,Nos,
Nos,B293357,شنط يد نسائي,شنط يد نسائي,1,0,,0,2099-12-31,0,B293357,,Nos,
Nos,B293477,شنط يد نسائي,شنط يد نسائي,1,0,,0,2099-12-31,0,B293477,,Nos,
Nos,B2939,شنط يد نسائي,شنط يد نسائي,1,0,,0,2099-12-31,0,B293908,,Nos,
Nos,B2939,شنط يد نسائي,شنط يد نسائي,1,0,,0,2099-12-31,0,B293919,,Nos,
Nos,B2939,شنط يد نسائي,شنط يد نسائي,1,0,,0,2099-12-31,0,B293954,,Nos,
Nos,B2939,شنط يد نسائي,شنط يد نسائي,1,0,,0,2099-12-31,0,B293969,,Nos,
Nos,B2939,شنط يد نسائي,شنط يد نسائي,1,0,,0,2099-12-31,0,B293975,,Nos,
Nos,B2939,شنط يد نسائي,شنط يد نسائي,1,0,,0,2099-12-31,0,B293984,,Nos,
Nos,B293913,شنط يد نسائي,شنط يد نسائي,1,0,,0,2099-12-31,0,B293913,,Nos,
Nos,B293938,شنط يد نسائي,شنط يد نسائي,1,0,,0,2099-12-31,0,B293938,,Nos,
Nos,B29394,شنط يد نسائي,شنط يد نسائي,1,0,,0,2099-12-31,0,B293946,,Nos,
Nos,B293983,شنط يد نسائي,شنط يد نسائي,1,0,,0,2099-12-31,0,B293983,,Nos,
Nos,B29399,شنط يد نسائي,شنط يد نسائي,1,0,,0,2099-12-31,0,B293995,,Nos,
Nos,B293990,شنط يد نسائي,شنط يد نسائي,1,0,,0,2099-12-31,0,B293990,,Nos,
Nos,B298160,شنط يد نسائي,شنط يد نسائي,1,0,,0,2099-12-31,0,B298160,,Nos,
Nos,S110825,صنادل نسائي,صندل نسائي مقاس 36-41 (شد 24),1,0,,0,2099-12-31,0,S110825,,Nos,
Nos,S110828,صنادل نسائي,صندل نسائي مقاس 36-41 (شد 24),1,0,,0,2099-12-31,0,S110828,,Nos,
Nos,S160011,صنادل نسائي,صندل نسائي م36-41 (شد 24),1,0,,0,2099-12-31,0,S160011,,Nos,
Nos,S160014,صنادل نسائي,صندل نسائي م36-41ش24,1,0,,0,2099-12-31,0,160014,,Nos,
Nos,S160018,صنادل نسائي,صندل نسائي م36-41ش24,1,0,,0,2099-12-31,0,160018,,Nos,
Nos,S160019,صنادل نسائي,صندل نسائي م36-41 (شد 24),1,0,,0,2099-12-31,0,S160019,,Nos,
Nos,S210212,صنادل نسائي,صندل نسائي مقاس 36-41 (شد 24),1,0,,0,2099-12-31,0,6900452102120,,Nos,
Nos,S210216,صنادل نسائي,صندل نسائي مقاس 36-41 (شد 24),1,0,,0,2099-12-31,0,6900452102168,,Nos,
Nos,113370,طقم اطواق,طقم اطواق 10 موديل 5/8,1,0,,0,2099-12-31,0,6920251133705,,Nos,
Nos,161809,طقم اطواق,طقم اطواق مع الكلبس عدد الاشكال 10 4/5,1,0,,0,2099-12-31,0,6932164567867,,Nos,
Nos,121212,طقوم استيل,طقوم استيل مربع,1,0,,0,2099-12-31,0,5000121212,,Nos,
Nos,31313,طقوم استيل,طقوم استيل خفيف منوع,1,0,,0,2099-12-31,0,5000131313,,Nos,
Nos,4343,طقوم استيل,طقوم استيل فايتي كليف,1,0,فايتي,0,2099-12-31,0,434343,,Nos,
Nos,4444,طقوم استيل,طقوم استيل مربع,1,0,,0,2099-12-31,0,444444,,Nos,
Nos,4545,طقوم استيل,طقوم استيل شكل ورقة,1,0,,0,2099-12-31,0,454545,,Nos,
Nos,AS-120120,طقوم استيل,طقوم استيل خناق,1,0,,0,2099-12-31,0,120120120,,Nos,
Nos,236514789632,طقوم زركون,طقوم زركون راقي,1,0,,0,2099-12-31,0,236514789632145,,Nos,
Nos,3939,طقوم زركون,طقوم زركون خناق,1,0,,0,2099-12-31,0,393939,,Nos,
Nos,4040,طقوم زركون,طقوم زركون ملون,1,0,,0,2099-12-31,0,404040,,Nos,
Nos,6262,طقوم زركون,طقوم زركون خناق طو,1,0,,0,2099-12-31,0,626262,,Nos,
Nos,6464,طقوم زركون,طقوم زركون كرت اصفر,1,0,,0,2099-12-31,0,646464,,Nos,
Nos,6565,طقوم زركون,طقوم زركون كرت ازرق,1,0,,0,2099-12-31,0,656565,,Nos,
Nos,790998,علب هدايا,طقم اكسسوار علب هدايا 7 موديل 2,1,0,,0,2099-12-31,0,6988757909989,,Nos,
Nos,133133,فيونكات 1,ابيام كلبس فيونكات 4435,1,0,,0,2099-12-31,0,111133133,,Nos,
Nos,18534,فيونكات 1,فيونكات بناتي,1,0,,0,2099-12-31,0,4978326018534,,Nos,
Nos,709,قباضات نسائي,قباضات نسائي,1,0,,0,2099-12-31,0,9502481758872,,Nos,
Nos,718,قباضات نسائي,قباضات نسائي,1,0,,0,2099-12-31,0,2043408271199,,Nos,
Nos,2323,قطب زركون,قطب زركون فص ملون,1,0,,0,2099-12-31,0,232323,,Nos,
Nos,2424,قطب زركون,قطب زركون ملون صغير,1,0,,0,2099-12-31,0,242424,,Nos,
Nos,2626,قطب زركون,قطب زركون ملون,1,0,,0,2099-12-31,0,262626,,Nos,
Nos,2727,قطب زركون,قطب زركون ملون دائري,1,0,,0,2099-12-31,0,272727,,Nos,
Nos,2828,قطب زركون,قطب زركون فراشه,1,0,,0,2099-12-31,0,282828,,Nos,
Nos,2929,قطب زركون,قطب زركون منوع,1,0,,0,2099-12-31,0,292929,,Nos,
Nos,3030,قطب زركون,قطب زركون *3 دائري,1,0,,0,2099-12-31,0,303030,,Nos,
Nos,3838,قطب زركون,قطب زركون ثعبان,1,0,,0,2099-12-31,0,383838,,Nos,
Nos,3998,قطب زركون,قطب دمعة زركون,1,0,,0,2099-12-31,0,39983998,,Nos,
Nos,120121,لصق حناء صغير,نقش حناء صغير,1,0,,0,2099-12-31,0,12121121,,Nos,
Nos,12120,لصق حناء صغير,نقش حناء منوع,1,0,,0,2099-12-31,0,12120120,,Nos,
Nos,225228,لصق حناء صغير,اقماع حناء المليكة,1,0,,0,2099-12-31,0,228225228,,Nos,
Nos,144144,مبارد,مبارد,1,0,,0,2099-12-31,0,11144144,,Nos,
Nos,695657000888,نقش تاتو صغير,نقش تاتو,1,0,,0,2099-12-31,0,6956570008882,,Nos,
